{
"type": "FeatureCollection",
"name": "farmersmkts",
"crs": { "type": "name", "properties": { "name": "urn:ogc:def:crs:OGC:1.3:CRS84" } },
"features": [
{ "type": "Feature", "properties": { "Borough": "Manhattan", "Market Name": "Harvest Home East Harlem Farmers Market", "Street Address": "E. 104th St. & 3rd Ave.", "Community District": 111, "Latitude": 40.7903, "Longitude": -73.945635, "Days of Operation": "Thursday", "Hours of Operations": "8AM - 3PM", "Season Begin": "2023 Jun 15 12:00:00 AM", "Season End": "2023 Nov 16 12:00:00 AM", "Accepts EBT": "Yes", "Distributes Health Bucks?": "Yes", "Open Year-Round": "No", "Location Point": "(40.7903, -73.945635)", "Zip Code": 10029 }, "geometry": { "type": "Point", "coordinates": [ -73.945635, 40.7903 ] } },
{ "type": "Feature", "properties": { "Borough": "Brooklyn", "Market Name": "Seeds in the Middle - Flatbush - Hillel Plaza Farm Stand", "Street Address": "Flatbush/Nostrand Triangle", "Community District": 314, "Latitude": 40.63262, "Longitude": -73.947439, "Days of Operation": "Wednesday", "Hours of Operations": "4PM - 7PM", "Season Begin": "2023 Jan 01 12:00:00 AM", "Season End": "2023 Dec 31 12:00:00 AM", "Accepts EBT": "Yes", "Distributes Health Bucks?": "Yes", "Open Year-Round": "No", "Location Point": "(40.63262, -73.947439)", "Zip Code": 11210 }, "geometry": { "type": "Point", "coordinates": [ -73.947439, 40.63262 ] } },
{ "type": "Feature", "properties": { "Borough": "Bronx", "Market Name": "Morris Heights Farmstand", "Street Address": "University Ave. and W. 179th St.", "Community District": 205, "Latitude": 40.854567, "Longitude": 40.854567, "Days of Operation": "Wednesday", "Hours of Operations": "11AM - 3PM", "Season Begin": "2023 Mar 27 12:00:00 AM", "Season End": "2023 Nov 29 12:00:00 AM", "Accepts EBT": "Yes", "Distributes Health Bucks?": "Yes", "Open Year-Round": "No", "Location Point": "(40.854567, 40.854567)", "Zip Code": 10453 }, "geometry": { "type": "Point", "coordinates": [ 40.854567, 40.854567 ] } },
{ "type": "Feature", "properties": { "Borough": "Bronx", "Market Name": "170 Farm Stand", "Street Address": "1406 Townsend Ave.", "Community District": 204, "Latitude": 40.840138, "Longitude": -73.916591, "Days of Operation": "Wednesday", "Hours of Operations": "2PM - 6PM", "Season Begin": "2023 Jul 12 12:00:00 AM", "Season End": "2023 Nov 22 12:00:00 AM", "Accepts EBT": "Yes", "Distributes Health Bucks?": "Yes", "Open Year-Round": "No", "Location Point": "(40.840138, -73.916591)", "Zip Code": 10452 }, "geometry": { "type": "Point", "coordinates": [ -73.916591, 40.840138 ] } },
{ "type": "Feature", "properties": { "Borough": "Bronx", "Market Name": "JBOLC Garden Community Farmers Market", "Street Address": "Sedgwick Ave. & Goulden Ave.", "Community District": 207, "Latitude": 40.882647, "Longitude": -73.886562, "Days of Operation": "Saturday", "Hours of Operations": "10AM - 3PM", "Season Begin": "2023 Jun 17 12:00:00 AM", "Season End": "2023 Oct 28 12:00:00 AM", "Accepts EBT": "Yes", "Distributes Health Bucks?": "Yes", "Open Year-Round": "No", "Location Point": "(40.882647, -73.886562)", "Zip Code": 10468 }, "geometry": { "type": "Point", "coordinates": [ -73.886562, 40.882647 ] } },
{ "type": "Feature", "properties": { "Borough": "Queens", "Market Name": "Perez Farm Stand", "Street Address": "134-20 Jamaica Ave., by the Axel Building", "Community District": 409, "Latitude": 40.70236, "Longitude": -73.818531, "Days of Operation": "Wednesday", "Hours of Operations": "10AM - 4PM", "Season Begin": "2023 Jun 14 12:00:00 AM", "Season End": "2023 Nov 01 12:00:00 AM", "Accepts EBT": "Yes", "Distributes Health Bucks?": "Yes", "Open Year-Round": "No", "Location Point": "(40.70236, -73.818531)", "Zip Code": 11418 }, "geometry": { "type": "Point", "coordinates": [ -73.818531, 40.70236 ] } },
{ "type": "Feature", "properties": { "Borough": "Brooklyn", "Market Name": "7th Ave Sunset Park Greenmarket", "Street Address": "7th Ave. & 44th St.", "Community District": 307, "Latitude": 40.645841, "Longitude": -74.002402, "Days of Operation": "Saturday", "Hours of Operations": "8AM - 3PM", "Season Begin": "2023 Jan 01 12:00:00 AM", "Season End": "2023 Dec 31 12:00:00 AM", "Accepts EBT": "Yes", "Distributes Health Bucks?": "Yes", "Open Year-Round": "Yes", "Location Point": "(40.645841, -74.002402)", "Zip Code": 11232 }, "geometry": { "type": "Point", "coordinates": [ -74.002402, 40.645841 ] } },
{ "type": "Feature", "properties": { "Borough": "Manhattan", "Market Name": "PS 11 Farm Market", "Street Address": "320 W. 21st St.", "Community District": 104, "Latitude": 40.744349, "Longitude": -74.000253, "Days of Operation": "Wednesday", "Hours of Operations": "8AM - 10AM", "Season Begin": "2023 Jun 07 12:00:00 AM", "Season End": "2023 Nov 01 12:00:00 AM", "Accepts EBT": "No", "Distributes Health Bucks?": "No", "Open Year-Round": "No", "Location Point": "(40.744349, -74.000253)", "Zip Code": 10011 }, "geometry": { "type": "Point", "coordinates": [ -74.000253, 40.744349 ] } },
{ "type": "Feature", "properties": { "Borough": "Manhattan", "Market Name": "Astor Place Greenmarket", "Street Address": "E. 8th St. & Lafayette", "Community District": 102, "Latitude": 40.72982, "Longitude": -73.991023, "Days of Operation": "Tuesday", "Hours of Operations": "8AM - 5PM", "Season Begin": "2023 Jun 06 12:00:00 AM", "Season End": "2023 Nov 21 12:00:00 AM", "Accepts EBT": "Yes", "Distributes Health Bucks?": "Yes", "Open Year-Round": "No", "Location Point": "(40.72982, -73.991023)", "Zip Code": 10003 }, "geometry": { "type": "Point", "coordinates": [ -73.991023, 40.72982 ] } },
{ "type": "Feature", "properties": { "Borough": "Brooklyn", "Market Name": "Fresh Vibes Market at Emblem Health", "Street Address": "101 Pennsylvania Ave.", "Community District": 305, "Latitude": 40.675209, "Longitude": -73.896508, "Days of Operation": "Wednesday (2nd and 3rd)", "Hours of Operations": "11AM - 2:30PM", "Season Begin": null, "Season End": null, "Accepts EBT": "Yes", "Distributes Health Bucks?": "Yes", "Open Year-Round": "No", "Location Point": "(40.675209, -73.896508)", "Zip Code": 11207 }, "geometry": { "type": "Point", "coordinates": [ -73.896508, 40.675209 ] } },
{ "type": "Feature", "properties": { "Borough": "Brooklyn", "Market Name": "Seeds in the Middle East Flatbush Farm Stand 2", "Street Address": "4801 Ave. D (PS 208)", "Community District": 317, "Latitude": 40.642031, "Longitude": -73.931151, "Days of Operation": "Friday", "Hours of Operations": "2PM - 4PM", "Season Begin": null, "Season End": null, "Accepts EBT": "Yes", "Distributes Health Bucks?": "Yes", "Open Year-Round": "No", "Location Point": "(40.642031, -73.931151)", "Zip Code": 11203 }, "geometry": { "type": "Point", "coordinates": [ -73.931151, 40.642031 ] } },
{ "type": "Feature", "properties": { "Borough": "Manhattan", "Market Name": "Tribeca Greenmarket", "Street Address": "Greenwich & Chambers streets", "Community District": 101, "Latitude": 40.716303, "Longitude": -74.010966, "Days of Operation": "Wednesday & Saturday", "Hours of Operations": "8AM - 2PM", "Season Begin": "2023 Apr 05 12:00:00 AM", "Season End": "2023 Nov 22 12:00:00 AM", "Accepts EBT": "Yes", "Distributes Health Bucks?": "Yes", "Open Year-Round": "No", "Location Point": "(40.716303, -74.010966)", "Zip Code": 10013 }, "geometry": { "type": "Point", "coordinates": [ -74.010966, 40.716303 ] } },
{ "type": "Feature", "properties": { "Borough": "Brooklyn", "Market Name": "Eastern Parkway Farm Stand", "Street Address": "1420 Eastern Parkway", "Community District": 316, "Latitude": 40.668787, "Longitude": -73.921582, "Days of Operation": "Saturday", "Hours of Operations": "10AM - 2PM", "Season Begin": null, "Season End": null, "Accepts EBT": "TBD", "Distributes Health Bucks?": "No", "Open Year-Round": "No", "Location Point": "(40.668787, -73.921582)", "Zip Code": 11233 }, "geometry": { "type": "Point", "coordinates": [ -73.921582, 40.668787 ] } },
{ "type": "Feature", "properties": { "Borough": "Brooklyn", "Market Name": "Brownsville Pitkin Farmstand", "Street Address": "Pitkin Ave. bet Thomas Boyland and Amboy St.", "Community District": 316, "Latitude": 40.669234, "Longitude": -73.913698, "Days of Operation": "Saturday", "Hours of Operations": "9AM - 2PM", "Season Begin": "2023 Jul 08 12:00:00 AM", "Season End": "2023 Nov 18 12:00:00 AM", "Accepts EBT": "Yes", "Distributes Health Bucks?": "Yes", "Open Year-Round": "No", "Location Point": "(40.669234, -73.913698)", "Zip Code": 11212 }, "geometry": { "type": "Point", "coordinates": [ -73.913698, 40.669234 ] } },
{ "type": "Feature", "properties": { "Borough": "Queens", "Market Name": "Ditmars Park Farmstand", "Street Address": "Steinway St. bet Ditmars Blvd. & 23rd Ave.", "Community District": 401, "Latitude": 40.772854, "Longitude": -73.906061, "Days of Operation": "Saturday", "Hours of Operations": "9:30AM - 2PM", "Season Begin": null, "Season End": null, "Accepts EBT": "Yes", "Distributes Health Bucks?": "Yes", "Open Year-Round": "No", "Location Point": "(40.772854, -73.906061)", "Zip Code": 11105 }, "geometry": { "type": "Point", "coordinates": [ -73.906061, 40.772854 ] } },
{ "type": "Feature", "properties": { "Borough": "Brooklyn", "Market Name": "Carroll Gardens Greenmarket", "Street Address": "Smith & Carroll Sts.", "Community District": 306, "Latitude": 40.680761, "Longitude": -73.99552, "Days of Operation": "Sunday", "Hours of Operations": "8AM - 2PM", "Season Begin": "2023 Jan 01 12:00:00 AM", "Season End": "2023 Dec 31 12:00:00 AM", "Accepts EBT": "Yes", "Distributes Health Bucks?": "Yes", "Open Year-Round": "Yes", "Location Point": "(40.680761, -73.99552)", "Zip Code": 11231 }, "geometry": { "type": "Point", "coordinates": [ -73.99552, 40.680761 ] } },
{ "type": "Feature", "properties": { "Borough": "Manhattan", "Market Name": "Fort Washington Greenmarket", "Street Address": "168th St. & Ft. Washington Ave.", "Community District": 112, "Latitude": 40.842296, "Longitude": -73.942027, "Days of Operation": "Tuesday", "Hours of Operations": "8AM - 4PM", "Season Begin": "2023 Jun 06 12:00:00 AM", "Season End": "2023 Nov 21 12:00:00 AM", "Accepts EBT": "Yes", "Distributes Health Bucks?": "Yes", "Open Year-Round": "No", "Location Point": "(40.842296, -73.942027)", "Zip Code": 10032 }, "geometry": { "type": "Point", "coordinates": [ -73.942027, 40.842296 ] } },
{ "type": "Feature", "properties": { "Borough": "Bronx", "Market Name": "Bissel Gardens Farmers Market", "Street Address": "Baychester Ave. & E. 241st St.", "Community District": 212, "Latitude": 40.90152, "Longitude": -73.846937, "Days of Operation": "Saturday", "Hours of Operations": "10AM - 4PM", "Season Begin": "2023 Jul 08 12:00:00 AM", "Season End": "2023 Nov 18 12:00:00 AM", "Accepts EBT": "Yes", "Distributes Health Bucks?": "Yes", "Open Year-Round": "No", "Location Point": "(40.90152, -73.846937)", "Zip Code": 10466 }, "geometry": { "type": "Point", "coordinates": [ -73.846937, 40.90152 ] } },
{ "type": "Feature", "properties": { "Borough": "Brooklyn", "Market Name": "NYP Youth Market - Brooklyn", "Street Address": "249 7th Ave.", "Community District": 306, "Latitude": 40.669218, "Longitude": -73.979629, "Days of Operation": "Tuesday", "Hours of Operations": "9AM - 3PM", "Season Begin": "2023 Jul 11 12:00:00 AM", "Season End": "2023 Aug 22 12:00:00 AM", "Accepts EBT": "No", "Distributes Health Bucks?": "No", "Open Year-Round": "No", "Location Point": "(40.669218, -73.979629)", "Zip Code": 11215 }, "geometry": { "type": "Point", "coordinates": [ -73.979629, 40.669218 ] } },
{ "type": "Feature", "properties": { "Borough": "Queens", "Market Name": "QueensVillage Farmers Market", "Street Address": "QueensVillage Long Island Railroad Commuter Parking Lot - Amboy Ln. & Springfield Blvd.", "Community District": 413, "Latitude": 40.717978, "Longitude": -73.735337, "Days of Operation": "Sunday", "Hours of Operations": "11AM - 4PM", "Season Begin": null, "Season End": null, "Accepts EBT": "TBD", "Distributes Health Bucks?": "No", "Open Year-Round": "No", "Location Point": "(40.717978, -73.735337)", "Zip Code": 11428 }, "geometry": { "type": "Point", "coordinates": [ -73.735337, 40.717978 ] } },
{ "type": "Feature", "properties": { "Borough": "Manhattan", "Market Name": "Uptown Good Food Farm Stand", "Street Address": "330 St. Nicholas Ave. (St. Nicholas Miracle Garden)", "Community District": 110, "Latitude": 40.81172, "Longitude": -73.951795, "Days of Operation": "Thursday", "Hours of Operations": "4PM - 7PM", "Season Begin": "2023 Jun 22 12:00:00 AM", "Season End": "2023 Oct 26 12:00:00 AM", "Accepts EBT": "Yes", "Distributes Health Bucks?": "Yes", "Open Year-Round": "No", "Location Point": "(40.81172, -73.951795)", "Zip Code": 10027 }, "geometry": { "type": "Point", "coordinates": [ -73.951795, 40.81172 ] } },
{ "type": "Feature", "properties": { "Borough": "Bronx", "Market Name": "Bronx Park East Farmers Market", "Street Address": "2222 Bronx Park E. (near Bradley Playground)", "Community District": 211, "Latitude": 40.851713, "Longitude": -73.867786, "Days of Operation": "Sunday", "Hours of Operations": "9AM - 4PM", "Season Begin": "2023 Jun 18 12:00:00 AM", "Season End": "2023 Nov 12 12:00:00 AM", "Accepts EBT": "Yes", "Distributes Health Bucks?": "Yes", "Open Year-Round": "No", "Location Point": "(40.851713, -73.867786)", "Zip Code": 10462 }, "geometry": { "type": "Point", "coordinates": [ -73.867786, 40.851713 ] } },
{ "type": "Feature", "properties": { "Borough": "Queens", "Market Name": "Far Rock Farm Stand", "Street Address": "45-55 Beach Channel Dr.", "Community District": 414, "Latitude": 40.595572, "Longitude": -73.777001, "Days of Operation": "Saturday", "Hours of Operations": "10AM - 2PM", "Season Begin": "2023 Jul 08 12:00:00 AM", "Season End": "2023 Nov 18 12:00:00 AM", "Accepts EBT": "Yes", "Distributes Health Bucks?": "Yes", "Open Year-Round": "No", "Location Point": "(40.595572, -73.777001)", "Zip Code": 11691 }, "geometry": { "type": "Point", "coordinates": [ -73.777001, 40.595572 ] } },
{ "type": "Feature", "properties": { "Borough": "Bronx", "Market Name": "Lincoln Hospital Greenmarket", "Street Address": "E. 149th St. bet Park & Morris Aves", "Community District": 201, "Latitude": 40.818013, "Longitude": -73.925185, "Days of Operation": "Tuesdays & Fridays", "Hours of Operations": "8AM - 3PM", "Season Begin": "2023 Jun 23 12:00:00 AM", "Season End": "2023 Nov 21 12:00:00 AM", "Accepts EBT": "Yes", "Distributes Health Bucks?": "Yes", "Open Year-Round": "No", "Location Point": "(40.818013, -73.925185)", "Zip Code": 10451 }, "geometry": { "type": "Point", "coordinates": [ -73.925185, 40.818013 ] } },
{ "type": "Feature", "properties": { "Borough": "Manhattan", "Market Name": "Tompkins Square Greenmarket", "Street Address": "7th St. & Ave. A", "Community District": 103, "Latitude": 40.726054, "Longitude": -73.983534, "Days of Operation": "Sunday", "Hours of Operations": "9AM - 4PM", "Season Begin": "2023 Jan 01 12:00:00 AM", "Season End": "2023 Dec 31 12:00:00 AM", "Accepts EBT": "Yes", "Distributes Health Bucks?": "Yes", "Open Year-Round": "Yes", "Location Point": "(40.726054, -73.983534)", "Zip Code": 10009 }, "geometry": { "type": "Point", "coordinates": [ -73.983534, 40.726054 ] } },
{ "type": "Feature", "properties": { "Borough": "Brooklyn", "Market Name": "Fresh Vibes Market at Medgar Evers College", "Street Address": "1630 Bedford Ave.", "Community District": 309, "Latitude": 40.666799, "Longitude": -73.956679, "Days of Operation": "Monday (1st and 3rd)", "Hours of Operations": "10AM - 2PM", "Season Begin": null, "Season End": null, "Accepts EBT": "Yes", "Distributes Health Bucks?": "Yes", "Open Year-Round": "No", "Location Point": "(40.666799, -73.956679)", "Zip Code": 11225 }, "geometry": { "type": "Point", "coordinates": [ -73.956679, 40.666799 ] } },
{ "type": "Feature", "properties": { "Borough": "Bronx", "Market Name": "Harvest Home St. Mary's Park Farm Stand", "Street Address": "E. 149th St. & Eagle Ave. (St. Mary's Park)", "Community District": 201, "Latitude": 40.8139, "Longitude": -73.911812, "Days of Operation": "Thursday", "Hours of Operations": "8AM - 3PM", "Season Begin": "2023 Jul 06 12:00:00 AM", "Season End": "2023 Nov 16 12:00:00 AM", "Accepts EBT": "Yes", "Distributes Health Bucks?": "Yes", "Open Year-Round": "No", "Location Point": "(40.8139, -73.911812)", "Zip Code": 10455 }, "geometry": { "type": "Point", "coordinates": [ -73.911812, 40.8139 ] } },
{ "type": "Feature", "properties": { "Borough": "Staten Island", "Market Name": "Children's Aid Society Go!Healthy Food Box + Famstand - Goodhue Center", "Street Address": "304 Prospect Ave.", "Community District": 501, "Latitude": 40.638936, "Longitude": -74.097966, "Days of Operation": "Tuesday", "Hours of Operations": "1PM - 3:30PM", "Season Begin": "2023 Jul 11 12:00:00 AM", "Season End": "2023 Nov 14 12:00:00 AM", "Accepts EBT": "Yes", "Distributes Health Bucks?": "Yes", "Open Year-Round": "No", "Location Point": "(40.638936, -74.097966)", "Zip Code": 10301 }, "geometry": { "type": "Point", "coordinates": [ -74.097966, 40.638936 ] } },
{ "type": "Feature", "properties": { "Borough": "Bronx", "Market Name": "New Roots Farm Stand", "Street Address": "670 Grand Concourse", "Community District": 204, "Latitude": 40.821447, "Longitude": -73.925492, "Days of Operation": "Saturday", "Hours of Operations": "10AM - 3PM", "Season Begin": "2023 Jul 08 12:00:00 AM", "Season End": "2023 Oct 28 12:00:00 AM", "Accepts EBT": "Yes", "Distributes Health Bucks?": "Yes", "Open Year-Round": "No", "Location Point": "(40.821447, -73.925492)", "Zip Code": 10451 }, "geometry": { "type": "Point", "coordinates": [ -73.925492, 40.821447 ] } },
{ "type": "Feature", "properties": { "Borough": "Manhattan", "Market Name": "PS 57 Farmstand", "Street Address": "115th St. & 3rd Ave. (SW corner)", "Community District": 111, "Latitude": 40.797577, "Longitude": -73.94128, "Days of Operation": "Wednesday", "Hours of Operations": "9:30AM - 3PM", "Season Begin": "2023 Jun 21 12:00:00 AM", "Season End": "2023 Dec 31 12:00:00 AM", "Accepts EBT": "Yes", "Distributes Health Bucks?": "Yes", "Open Year-Round": "No", "Location Point": "(40.797577, -73.94128)", "Zip Code": 10029 }, "geometry": { "type": "Point", "coordinates": [ -73.94128, 40.797577 ] } },
{ "type": "Feature", "properties": { "Borough": "Manhattan", "Market Name": "Inwood Park Greenmarket", "Street Address": "Isham St bet Seaman Ave. & Cooper St.", "Community District": 112, "Latitude": 40.869001, "Longitude": -73.920896, "Days of Operation": "Saturday", "Hours of Operations": "8AM - 3PM", "Season Begin": "2023 Jan 01 12:00:00 AM", "Season End": "2023 Dec 31 12:00:00 AM", "Accepts EBT": "Yes", "Distributes Health Bucks?": "Yes", "Open Year-Round": "Yes", "Location Point": "(40.869001, -73.920896)", "Zip Code": 10034 }, "geometry": { "type": "Point", "coordinates": [ -73.920896, 40.869001 ] } },
{ "type": "Feature", "properties": { "Borough": "Staten Island", "Market Name": "Staten Island Mall Greenmarket", "Street Address": "Marsh Ave. & Ring Road", "Community District": 502, "Latitude": 40.583804, "Longitude": -74.161245, "Days of Operation": "Saturday", "Hours of Operations": "8AM - 2PM", "Season Begin": "2023 Jun 10 12:00:00 AM", "Season End": "2023 Nov 18 12:00:00 AM", "Accepts EBT": "Yes", "Distributes Health Bucks?": "Yes", "Open Year-Round": "No", "Location Point": "(40.583804, -74.161245)", "Zip Code": 10314 }, "geometry": { "type": "Point", "coordinates": [ -74.161245, 40.583804 ] } },
{ "type": "Feature", "properties": { "Borough": "Manhattan", "Market Name": "Gouverneur Health Farmstand", "Street Address": "Madison St. bet Clinton & Jefferson Sts.", "Community District": 103, "Latitude": 40.712905, "Longitude": -73.986928, "Days of Operation": "Thursday", "Hours of Operations": "9AM - 2PM", "Season Begin": "2023 Jul 06 12:00:00 AM", "Season End": "2023 Nov 16 12:00:00 AM", "Accepts EBT": "Yes", "Distributes Health Bucks?": "Yes", "Open Year-Round": "No", "Location Point": "(40.712905, -73.986928)", "Zip Code": 10002 }, "geometry": { "type": "Point", "coordinates": [ -73.986928, 40.712905 ] } },
{ "type": "Feature", "properties": { "Borough": "Queens", "Market Name": "Rockaway Market @ Beach 60th", "Street Address": "Rockaway Freeway & Beach 60th St.", "Community District": 414, "Latitude": 40.592902, "Longitude": -73.789051, "Days of Operation": "Saturday", "Hours of Operations": "10AM - 1PM", "Season Begin": "2023 Jun 10 12:00:00 AM", "Season End": "2023 Oct 28 12:00:00 AM", "Accepts EBT": "No", "Distributes Health Bucks?": "No", "Open Year-Round": "No", "Location Point": "(40.592902, -73.789051)", "Zip Code": 11692 }, "geometry": { "type": "Point", "coordinates": [ -73.789051, 40.592902 ] } },
{ "type": "Feature", "properties": { "Borough": "Brooklyn", "Market Name": "Kensington Farmstand", "Street Address": "McDonald Ave. & Albermarle Road", "Community District": 312, "Latitude": 40.64511, "Longitude": -73.979882, "Days of Operation": "Saturday", "Hours of Operations": "8:30AM - 3PM", "Season Begin": null, "Season End": null, "Accepts EBT": "Yes", "Distributes Health Bucks?": "Yes", "Open Year-Round": "No", "Location Point": "(40.64511, -73.979882)", "Zip Code": 11218 }, "geometry": { "type": "Point", "coordinates": [ -73.979882, 40.64511 ] } },
{ "type": "Feature", "properties": { "Borough": "Queens", "Market Name": "Rockaway Youth Task Force Youth Market", "Street Address": "310 Beach 58th St.", "Community District": 414, "Latitude": 40.594492, "Longitude": -73.788077, "Days of Operation": "Saturday", "Hours of Operations": "9AM - 3PM", "Season Begin": null, "Season End": null, "Accepts EBT": "Yes", "Distributes Health Bucks?": "No", "Open Year-Round": "No", "Location Point": "(40.594492, -73.788077)", "Zip Code": 11692 }, "geometry": { "type": "Point", "coordinates": [ -73.788077, 40.594492 ] } },
{ "type": "Feature", "properties": { "Borough": "Bronx", "Market Name": "Poe Park Greenmarket", "Street Address": "E. 192nd St. bet Grand Concourse & Valentine", "Community District": 207, "Latitude": 40.86431, "Longitude": -73.895379, "Days of Operation": "Tuesday", "Hours of Operations": "8AM - 3PM", "Season Begin": "2023 Jun 27 12:00:00 AM", "Season End": "2023 Nov 21 12:00:00 AM", "Accepts EBT": "Yes", "Distributes Health Bucks?": "Yes", "Open Year-Round": "No", "Location Point": "(40.86431, -73.895379)", "Zip Code": 10458 }, "geometry": { "type": "Point", "coordinates": [ -73.895379, 40.86431 ] } },
{ "type": "Feature", "properties": { "Borough": "Manhattan", "Market Name": "175th Street Greenmarket", "Street Address": "W. 175th St. bet. Wadsworth Ave. & Broadway", "Community District": 112, "Latitude": 40.845948, "Longitude": -73.937811, "Days of Operation": "Thursday", "Hours of Operations": "8AM - 4PM", "Season Begin": "2023 Jun 29 12:00:00 AM", "Season End": "2023 Nov 16 12:00:00 AM", "Accepts EBT": "Yes", "Distributes Health Bucks?": "Yes", "Open Year-Round": "No", "Location Point": "(40.845948, -73.937811)", "Zip Code": 10033 }, "geometry": { "type": "Point", "coordinates": [ -73.937811, 40.845948 ] } },
{ "type": "Feature", "properties": { "Borough": "Manhattan", "Market Name": "Harvest Home Lenox Avenue Farm Stand", "Street Address": "Lenox Ave. bet. W. 117 & 118 Sts.", "Community District": 110, "Latitude": 40.802699, "Longitude": -73.949186, "Days of Operation": "Saturday", "Hours of Operations": "8AM - 3PM", "Season Begin": "2023 Jun 24 12:00:00 AM", "Season End": "2023 Nov 18 12:00:00 AM", "Accepts EBT": "Yes", "Distributes Health Bucks?": "Yes", "Open Year-Round": "No", "Location Point": "(40.802699, -73.949186)", "Zip Code": 10026 }, "geometry": { "type": "Point", "coordinates": [ -73.949186, 40.802699 ] } },
{ "type": "Feature", "properties": { "Borough": "Manhattan", "Market Name": "82nd Street Greenmarket", "Street Address": "E. 82nd St. bet 1st & York Aves", "Community District": 108, "Latitude": 40.774292, "Longitude": -73.951262, "Days of Operation": "Saturday", "Hours of Operations": "9AM - 2:30PM", "Season Begin": "2023 Jan 01 12:00:00 AM", "Season End": "2023 Dec 31 12:00:00 AM", "Accepts EBT": "Yes", "Distributes Health Bucks?": "Yes", "Open Year-Round": "Yes", "Location Point": "(40.774292, -73.951262)", "Zip Code": 10028 }, "geometry": { "type": "Point", "coordinates": [ -73.951262, 40.774292 ] } },
{ "type": "Feature", "properties": { "Borough": "Manhattan", "Market Name": "Fulton Stall Market (indoor farmers market)", "Street Address": "91 South St.", "Community District": 101, "Latitude": 40.705865, "Longitude": -74.003769, "Days of Operation": "Monday-Saturday", "Hours of Operations": "11:30AM - 5PM", "Season Begin": "2023 Jan 01 12:00:00 AM", "Season End": "2023 Dec 31 12:00:00 AM", "Accepts EBT": "Yes", "Distributes Health Bucks?": "Yes", "Open Year-Round": "Yes", "Location Point": "(40.705865, -74.003769)", "Zip Code": 10038 }, "geometry": { "type": "Point", "coordinates": [ -74.003769, 40.705865 ] } },
{ "type": "Feature", "properties": { "Borough": "Bronx", "Market Name": "Project EATS & St. Barnabas Hospital Farm Stand", "Street Address": "4507 3rd Ave.", "Community District": 206, "Latitude": 40.853237, "Longitude": -73.891742, "Days of Operation": "Wednesday", "Hours of Operations": "11AM - 4PM", "Season Begin": "2023 May 24 12:00:00 AM", "Season End": "2023 Nov 22 12:00:00 AM", "Accepts EBT": "Yes", "Distributes Health Bucks?": "Yes", "Open Year-Round": "No", "Location Point": "(40.853237, -73.891742)", "Zip Code": 10457 }, "geometry": { "type": "Point", "coordinates": [ -73.891742, 40.853237 ] } },
{ "type": "Feature", "properties": { "Borough": "Brooklyn", "Market Name": "Isabahlia Farmers Market", "Street Address": "514 Rockaway Ave. (ISO Student Farm)", "Community District": 316, "Latitude": 40.667554, "Longitude": -73.910207, "Days of Operation": "Friday & Saturday", "Hours of Operations": "8AM - 3PM", "Season Begin": "2023 Jul 01 12:00:00 AM", "Season End": null, "Accepts EBT": "Yes", "Distributes Health Bucks?": "Yes", "Open Year-Round": "No", "Location Point": "(40.667554, -73.910207)", "Zip Code": 11212 }, "geometry": { "type": "Point", "coordinates": [ -73.910207, 40.667554 ] } },
{ "type": "Feature", "properties": { "Borough": "Bronx", "Market Name": "Morrisania Farmstand", "Street Address": "169th St. & Boston Rd. (at McKinley Square)", "Community District": 203, "Latitude": 40.83118, "Longitude": -73.900545, "Days of Operation": "Wednesday", "Hours of Operations": "10AM - 2PM", "Season Begin": "2023 Jul 05 12:00:00 AM", "Season End": "2023 Nov 29 12:00:00 AM", "Accepts EBT": "Yes", "Distributes Health Bucks?": "Yes", "Open Year-Round": "No", "Location Point": "(40.83118, -73.900545)", "Zip Code": 10456 }, "geometry": { "type": "Point", "coordinates": [ -73.900545, 40.83118 ] } },
{ "type": "Feature", "properties": { "Borough": "Bronx", "Market Name": "Children's Aid Go!Healthy Food Box + Farmstand - CS211", "Street Address": "1919 Prospect Ave.", "Community District": 206, "Latitude": 40.843546, "Longitude": -73.889755, "Days of Operation": "Thursday", "Hours of Operations": "2PM - 4:30PM", "Season Begin": "2023 Jul 13 12:00:00 AM", "Season End": "2023 Nov 16 12:00:00 AM", "Accepts EBT": "Yes", "Distributes Health Bucks?": "Yes", "Open Year-Round": "No", "Location Point": "(40.843546, -73.889755)", "Zip Code": 10457 }, "geometry": { "type": "Point", "coordinates": [ -73.889755, 40.843546 ] } },
{ "type": "Feature", "properties": { "Borough": "Brooklyn", "Market Name": "Domino Park Greenmarket", "Street Address": "River St. bet S 1st St. and S. 3rd St.", "Community District": 301, "Latitude": 40.715385, "Longitude": -73.967441, "Days of Operation": "Sunday", "Hours of Operations": "9AM - 3PM", "Season Begin": "2023 Jun 04 12:00:00 AM", "Season End": "2023 Nov 19 12:00:00 AM", "Accepts EBT": "Yes", "Distributes Health Bucks?": "Yes", "Open Year-Round": "No", "Location Point": "(40.715385, -73.967441)", "Zip Code": 11249 }, "geometry": { "type": "Point", "coordinates": [ -73.967441, 40.715385 ] } },
{ "type": "Feature", "properties": { "Borough": "Brooklyn", "Market Name": "Weeksville Farm Stand", "Street Address": "15 Buffalo Ave.", "Community District": 303, "Latitude": 40.678508, "Longitude": -73.924628, "Days of Operation": "Saturday", "Hours of Operations": "12PM - 4PM", "Season Begin": null, "Season End": null, "Accepts EBT": "Yes", "Distributes Health Bucks?": "Yes", "Open Year-Round": "No", "Location Point": "(40.678508, -73.924628)", "Zip Code": 11233 }, "geometry": { "type": "Point", "coordinates": [ -73.924628, 40.678508 ] } },
{ "type": "Feature", "properties": { "Borough": "Manhattan", "Market Name": "Harvest Home Harlem Hospital Farmers Market", "Street Address": "W. 137th St. & Lenox Ave.", "Community District": 110, "Latitude": 40.815403, "Longitude": -73.93991, "Days of Operation": "Friday", "Hours of Operations": "8AM - 3PM", "Season Begin": "2023 Jun 16 12:00:00 AM", "Season End": "2023 Nov 17 12:00:00 AM", "Accepts EBT": "Yes", "Distributes Health Bucks?": "Yes", "Open Year-Round": "No", "Location Point": "(40.815403, -73.93991)", "Zip Code": 10037 }, "geometry": { "type": "Point", "coordinates": [ -73.93991, 40.815403 ] } },
{ "type": "Feature", "properties": { "Borough": "Bronx", "Market Name": "BronxWorks Farm Stand", "Street Address": "1130 Grand Concourse", "Community District": 204, "Latitude": 40.832759, "Longitude": -73.919296, "Days of Operation": "Thursday", "Hours of Operations": "10AM - 2PM", "Season Begin": null, "Season End": null, "Accepts EBT": "Yes", "Distributes Health Bucks?": "Yes", "Open Year-Round": "No", "Location Point": "(40.832759, -73.919296)", "Zip Code": 10456 }, "geometry": { "type": "Point", "coordinates": [ -73.919296, 40.832759 ] } },
{ "type": "Feature", "properties": { "Borough": "Brooklyn", "Market Name": "Seeds in the Middle - Flabush - Ditmas Park Farm Stand", "Street Address": "330 Rugby Rd.", "Community District": 314, "Latitude": 40.641937, "Longitude": -73.965523, "Days of Operation": "Friday", "Hours of Operations": "2:30PM - 4:30PM", "Season Begin": "2023 Jan 01 12:00:00 AM", "Season End": "2023 Dec 31 12:00:00 AM", "Accepts EBT": "Yes", "Distributes Health Bucks?": "Yes", "Open Year-Round": "No", "Location Point": "(40.641937, -73.965523)", "Zip Code": 11226 }, "geometry": { "type": "Point", "coordinates": [ -73.965523, 40.641937 ] } },
{ "type": "Feature", "properties": { "Borough": "Brooklyn", "Market Name": "Crown Heights Farmstand", "Street Address": "Nostrand Ave. and Crown St. (NW corner)", "Community District": 309, "Latitude": 40.666472, "Longitude": -73.950807, "Days of Operation": "Friday", "Hours of Operations": "9AM - 2PM", "Season Begin": "2023 Jan 01 12:00:00 AM", "Season End": "2023 Dec 31 12:00:00 AM", "Accepts EBT": "Yes", "Distributes Health Bucks?": "Yes", "Open Year-Round": "Yes", "Location Point": "(40.666472, -73.950807)", "Zip Code": 11225 }, "geometry": { "type": "Point", "coordinates": [ -73.950807, 40.666472 ] } },
{ "type": "Feature", "properties": { "Borough": "Bronx", "Market Name": "La Familia Verde Farmers Market / Highbridge Farmers Market", "Street Address": "1430 Plimpton Ave.", "Community District": 204, "Latitude": 40.843627, "Longitude": -73.922243, "Days of Operation": "Wednesday", "Hours of Operations": "10AM - 3PM", "Season Begin": "2023 Jul 12 12:00:00 AM", "Season End": "2023 Nov 15 12:00:00 AM", "Accepts EBT": "Yes", "Distributes Health Bucks?": "Yes", "Open Year-Round": "No", "Location Point": "(40.843627, -73.922243)", "Zip Code": 10452 }, "geometry": { "type": "Point", "coordinates": [ -73.922243, 40.843627 ] } },
{ "type": "Feature", "properties": { "Borough": "Manhattan", "Market Name": "Harlem Meer Farmstand", "Street Address": "Central Park N & Malcom X Blvd", "Community District": 110, "Latitude": 40.798038, "Longitude": -73.95191, "Days of Operation": "Saturdays", "Hours of Operations": "10AM - 2PM", "Season Begin": "2023 Jun 24 12:00:00 AM", "Season End": "2023 Nov 17 12:00:00 AM", "Accepts EBT": "Yes", "Distributes Health Bucks?": "Yes", "Open Year-Round": "No", "Location Point": "(40.798038, -73.95191)", "Zip Code": 10026 }, "geometry": { "type": "Point", "coordinates": [ -73.95191, 40.798038 ] } },
{ "type": "Feature", "properties": { "Borough": "Brooklyn", "Market Name": "McCarren Park Greenmarket", "Street Address": "N. 12th bet Union & Driggs", "Community District": 301, "Latitude": 40.719219, "Longitude": -73.952479, "Days of Operation": "Saturday", "Hours of Operations": "8AM - 3PM", "Season Begin": "2023 Jan 01 12:00:00 AM", "Season End": "2023 Dec 31 12:00:00 AM", "Accepts EBT": "Yes", "Distributes Health Bucks?": "Yes", "Open Year-Round": "Yes", "Location Point": "(40.719219, -73.952479)", "Zip Code": 11211 }, "geometry": { "type": "Point", "coordinates": [ -73.952479, 40.719219 ] } },
{ "type": "Feature", "properties": { "Borough": "Manhattan", "Market Name": "Union Square Greenmarket", "Street Address": "Union Square W. & 17th St.", "Community District": 105, "Latitude": 40.737133, "Longitude": -73.990329, "Days of Operation": "Monday, Wednesday, Friday & Saturday", "Hours of Operations": "8AM - 6PM", "Season Begin": "2023 Jan 01 12:00:00 AM", "Season End": "2023 Dec 31 12:00:00 AM", "Accepts EBT": "Yes", "Distributes Health Bucks?": "Yes", "Open Year-Round": "Yes", "Location Point": "(40.737133, -73.990329)", "Zip Code": 10003 }, "geometry": { "type": "Point", "coordinates": [ -73.990329, 40.737133 ] } },
{ "type": "Feature", "properties": { "Borough": "Manhattan", "Market Name": "Abingdon Square Greenmarket", "Street Address": "Hudson St. & W 12th St.", "Community District": 102, "Latitude": 40.737553, "Longitude": -74.005687, "Days of Operation": "Saturday", "Hours of Operations": "8AM - 2PM", "Season Begin": "2023 Jan 01 12:00:00 AM", "Season End": "2023 Dec 31 12:00:00 AM", "Accepts EBT": "Yes", "Distributes Health Bucks?": "Yes", "Open Year-Round": "Yes", "Location Point": "(40.737553, -74.005687)", "Zip Code": 10014 }, "geometry": { "type": "Point", "coordinates": [ -74.005687, 40.737553 ] } },
{ "type": "Feature", "properties": { "Borough": "Brooklyn", "Market Name": "Fresh Vibes Market at Blue Cross Blue Shield @ Church Avenue", "Street Address": "2009 Church Ave.", "Community District": 314, "Latitude": 40.650241, "Longitude": -73.960632, "Days of Operation": "Monday (4th of each month)", "Hours of Operations": "10AM - 4PM", "Season Begin": null, "Season End": null, "Accepts EBT": "Yes", "Distributes Health Bucks?": "Yes", "Open Year-Round": "No", "Location Point": "(40.650241, -73.960632)", "Zip Code": 11226 }, "geometry": { "type": "Point", "coordinates": [ -73.960632, 40.650241 ] } },
{ "type": "Feature", "properties": { "Borough": "Brooklyn", "Market Name": "Seeds in the Middle Crown Heights Farm Stand", "Street Address": "750 Classon Ave. (PS 216)", "Community District": 308, "Latitude": 40.6744, "Longitude": -73.960254, "Days of Operation": "Friday", "Hours of Operations": "2PM - 5PM", "Season Begin": null, "Season End": null, "Accepts EBT": "Yes", "Distributes Health Bucks?": "Yes", "Open Year-Round": "No", "Location Point": "(40.6744, -73.960254)", "Zip Code": 11238 }, "geometry": { "type": "Point", "coordinates": [ -73.960254, 40.6744 ] } },
{ "type": "Feature", "properties": { "Borough": "Manhattan", "Market Name": "NYP Youth Market - Broadway", "Street Address": "4781-4783 Broadway", "Community District": 112, "Latitude": 40.865881, "Longitude": -73.926314, "Days of Operation": "Wednesday", "Hours of Operations": "9AM - 3PM", "Season Begin": "2023 Jul 05 12:00:00 AM", "Season End": "2023 Aug 23 12:00:00 AM", "Accepts EBT": "No", "Distributes Health Bucks?": "No", "Open Year-Round": "No", "Location Point": "(40.865881, -73.926314)", "Zip Code": 10034 }, "geometry": { "type": "Point", "coordinates": [ -73.926314, 40.865881 ] } },
{ "type": "Feature", "properties": { "Borough": "Queens", "Market Name": "Queens Farm @ Jamaica Hospital", "Street Address": "134-20 Jamaica Ave.", "Community District": 409, "Latitude": 40.70236, "Longitude": -73.818531, "Days of Operation": "Friday", "Hours of Operations": "10AM - 3PM", "Season Begin": "2023 Jun 10 12:00:00 AM", "Season End": "2023 Nov 03 12:00:00 AM", "Accepts EBT": "Yes", "Distributes Health Bucks?": "Yes", "Open Year-Round": "No", "Location Point": "(40.70236, -73.818531)", "Zip Code": 11418 }, "geometry": { "type": "Point", "coordinates": [ -73.818531, 40.70236 ] } },
{ "type": "Feature", "properties": { "Borough": "Bronx", "Market Name": "Harvest Home North Central Bronx Farmers Market", "Street Address": "Mosholu Parkway & Jerome Ave.", "Community District": 207, "Latitude": 40.8797, "Longitude": -73.884661, "Days of Operation": "Wednesday", "Hours of Operations": "8AM - 3PM", "Season Begin": "2023 Jun 14 12:00:00 AM", "Season End": "2023 Nov 22 12:00:00 AM", "Accepts EBT": "Yes", "Distributes Health Bucks?": "Yes", "Open Year-Round": "No", "Location Point": "(40.8797, -73.884661)", "Zip Code": 10467 }, "geometry": { "type": "Point", "coordinates": [ -73.884661, 40.8797 ] } },
{ "type": "Feature", "properties": { "Borough": "Manhattan", "Market Name": "Market in the Heights at CCNY", "Street Address": "138th St. & Convent Ave.", "Community District": 109, "Latitude": 40.819407, "Longitude": -73.950171, "Days of Operation": "Saturday (once a month)", "Hours of Operations": "9AM - 4PM", "Season Begin": null, "Season End": "2023 Nov 18 12:00:00 AM", "Accepts EBT": "Yes", "Distributes Health Bucks?": "Yes", "Open Year-Round": "No", "Location Point": "(40.819407, -73.950171)", "Zip Code": 10031 }, "geometry": { "type": "Point", "coordinates": [ -73.950171, 40.819407 ] } },
{ "type": "Feature", "properties": { "Borough": "Brooklyn", "Market Name": "Bensonhurst Greenmarket", "Street Address": "18th Ave. bet 81st & 82nd Sts.", "Community District": 311, "Latitude": 40.609588, "Longitude": -73.999677, "Days of Operation": "Sunday", "Hours of Operations": "9AM - 3PM", "Season Begin": "2023 May 28 12:00:00 AM", "Season End": "2023 Nov 19 12:00:00 AM", "Accepts EBT": "Yes", "Distributes Health Bucks?": "Yes", "Open Year-Round": "No", "Location Point": "(40.609588, -73.999677)", "Zip Code": 11214 }, "geometry": { "type": "Point", "coordinates": [ -73.999677, 40.609588 ] } },
{ "type": "Feature", "properties": { "Borough": "Brooklyn", "Market Name": "RiseBoro Farmers Market at Maria Hernandez Park", "Street Address": "Knickerbocker Ave. bet Sudyam St. & Starr St.", "Community District": 304, "Latitude": 40.702811, "Longitude": -73.92539, "Days of Operation": "Saturday", "Hours of Operations": "8AM - 3PM", "Season Begin": "2023 May 20 12:00:00 AM", "Season End": "2023 Nov 18 12:00:00 AM", "Accepts EBT": "Yes", "Distributes Health Bucks?": "Yes", "Open Year-Round": "No", "Location Point": "(40.702811, -73.92539)", "Zip Code": 11237 }, "geometry": { "type": "Point", "coordinates": [ -73.92539, 40.702811 ] } },
{ "type": "Feature", "properties": { "Borough": "Bronx", "Market Name": "Eastchester Farmstand", "Street Address": "1250 E. 229th St.", "Community District": 212, "Latitude": 40.88372, "Longitude": -73.842046, "Days of Operation": "Wednesday", "Hours of Operations": "9AM - 1PM", "Season Begin": "2023 Jun 29 12:00:00 AM", "Season End": "2023 Nov 16 12:00:00 AM", "Accepts EBT": "Yes", "Distributes Health Bucks?": "Yes", "Open Year-Round": "No", "Location Point": "(40.88372, -73.842046)", "Zip Code": 10466 }, "geometry": { "type": "Point", "coordinates": [ -73.842046, 40.88372 ] } },
{ "type": "Feature", "properties": { "Borough": "Brooklyn", "Market Name": "Saratoga Farm Stand", "Street Address": "1965-1971 Fulton St.", "Community District": 316, "Latitude": 40.678562, "Longitude": -7.9704e-05, "Days of Operation": "Saturday", "Hours of Operations": "10AM - 2PM", "Season Begin": "2023 Jul 08 12:00:00 AM", "Season End": "2023 Nov 18 12:00:00 AM", "Accepts EBT": "Yes", "Distributes Health Bucks?": "Yes", "Open Year-Round": "No", "Location Point": "(40.678562, -0.000079704)", "Zip Code": 11233 }, "geometry": { "type": "Point", "coordinates": [ -0.000079704, 40.678562 ] } },
{ "type": "Feature", "properties": { "Borough": "Brooklyn", "Market Name": "Harvest Home Kings County Hospital Farmers Market", "Street Address": "Clarkson Ave. bet E. 37th & 38th Sts.", "Community District": 317, "Latitude": 40.6558, "Longitude": -73.943355, "Days of Operation": "Wednesday", "Hours of Operations": "8AM - 3PM", "Season Begin": "2023 Jun 14 12:00:00 AM", "Season End": "2023 Nov 22 12:00:00 AM", "Accepts EBT": "Yes", "Distributes Health Bucks?": "Yes", "Open Year-Round": "No", "Location Point": "(40.6558, -73.943355)", "Zip Code": 11203 }, "geometry": { "type": "Point", "coordinates": [ -73.943355, 40.6558 ] } },
{ "type": "Feature", "properties": { "Borough": "Brooklyn", "Market Name": "RiseBoro Farmers Market at Hopefield", "Street Address": "Knickerbocker Ave. bet Menahan St. & Grove St.", "Community District": 304, "Latitude": 40.69768, "Longitude": -73.916366, "Days of Operation": "Wednesday", "Hours of Operations": "9AM - 3PM", "Season Begin": "2023 Jun 07 12:00:00 AM", "Season End": "2023 Nov 22 12:00:00 AM", "Accepts EBT": "Yes", "Distributes Health Bucks?": "Yes", "Open Year-Round": "No", "Location Point": "(40.69768, -73.916366)", "Zip Code": 11237 }, "geometry": { "type": "Point", "coordinates": [ -73.916366, 40.69768 ] } },
{ "type": "Feature", "properties": { "Borough": "Queens", "Market Name": "Myrtle-Wyckoff Greenmarket", "Street Address": "Wyckoff bet Gates & Myrtle Aves", "Community District": 405, "Latitude": 40.699798, "Longitude": -73.911523, "Days of Operation": "Thursday", "Hours of Operations": "8AM - 3PM", "Season Begin": "2023 Jul 06 12:00:00 AM", "Season End": "2023 Nov 16 12:00:00 AM", "Accepts EBT": "Yes", "Distributes Health Bucks?": "Yes", "Open Year-Round": "No", "Location Point": "(40.699798, -73.911523)", "Zip Code": 11237 }, "geometry": { "type": "Point", "coordinates": [ -73.911523, 40.699798 ] } },
{ "type": "Feature", "properties": { "Borough": "Brooklyn", "Market Name": "4th Ave Sunset Park Greenmarket", "Street Address": "4th Ave. 60th St.", "Community District": 307, "Latitude": 40.647975, "Longitude": -74.003744, "Days of Operation": "Saturday", "Hours of Operations": "8AM - 3PM", "Season Begin": "2023 Jul 01 12:00:00 AM", "Season End": "2023 Nov 18 12:00:00 AM", "Accepts EBT": "Yes", "Distributes Health Bucks?": "Yes", "Open Year-Round": "No", "Location Point": "(40.647975, -74.003744)", "Zip Code": 11232 }, "geometry": { "type": "Point", "coordinates": [ -74.003744, 40.647975 ] } },
{ "type": "Feature", "properties": { "Borough": "Brooklyn", "Market Name": "Cortelyou Greenmarket", "Street Address": "Cortelyou bet Rugby & Argyle", "Community District": 314, "Latitude": 40.64051, "Longitude": -73.966021, "Days of Operation": "Sunday", "Hours of Operations": "8AM - 2PM", "Season Begin": "2023 Jan 01 12:00:00 AM", "Season End": "2023 Dec 31 12:00:00 AM", "Accepts EBT": "Yes", "Distributes Health Bucks?": "Yes", "Open Year-Round": "Yes", "Location Point": "(40.64051, -73.966021)", "Zip Code": 11226 }, "geometry": { "type": "Point", "coordinates": [ -73.966021, 40.64051 ] } },
{ "type": "Feature", "properties": { "Borough": "Queens", "Market Name": "Cunningham Park's Down to Earth Farmers Market", "Street Address": "Union Turnpike & 196th Place", "Community District": 408, "Latitude": 40.731082, "Longitude": -73.773997, "Days of Operation": "Sunday", "Hours of Operations": "9AM - 2PM", "Season Begin": "2023 Apr 23 12:00:00 AM", "Season End": "2023 Dec 17 12:00:00 AM", "Accepts EBT": "Yes", "Distributes Health Bucks?": "Yes", "Open Year-Round": "No", "Location Point": "(40.731082, -73.773997)", "Zip Code": 11366 }, "geometry": { "type": "Point", "coordinates": [ -73.773997, 40.731082 ] } },
{ "type": "Feature", "properties": { "Borough": "Manhattan", "Market Name": "Stuyvesant Town Greenmarket", "Street Address": "South end of Stuyvesant Town Oval", "Community District": 106, "Latitude": 40.731498, "Longitude": -73.97818, "Days of Operation": "Sunday", "Hours of Operations": "9:30AM - 4PM", "Season Begin": "2023 May 14 12:00:00 AM", "Season End": "2023 Dec 17 12:00:00 AM", "Accepts EBT": "Yes", "Distributes Health Bucks?": "Yes", "Open Year-Round": "No", "Location Point": "(40.731498, -73.97818)", "Zip Code": 10009 }, "geometry": { "type": "Point", "coordinates": [ -73.97818, 40.731498 ] } },
{ "type": "Feature", "properties": { "Borough": "Queens", "Market Name": "Elmhurst Hospital Greenmarket", "Street Address": "41st Ave. bet 80th & 81st Sts.", "Community District": 404, "Latitude": 40.745794, "Longitude": -73.885489, "Days of Operation": "Tuesday", "Hours of Operations": "8AM - 3PM", "Season Begin": "2023 Jun 13 12:00:00 AM", "Season End": "2023 Nov 21 12:00:00 AM", "Accepts EBT": "Yes", "Distributes Health Bucks?": "Yes", "Open Year-Round": "No", "Location Point": "(40.745794, -73.885489)", "Zip Code": 11373 }, "geometry": { "type": "Point", "coordinates": [ -73.885489, 40.745794 ] } },
{ "type": "Feature", "properties": { "Borough": "Brooklyn", "Market Name": "Woodhull Hospital Farmstand", "Street Address": "Broadway & Graham Ave.", "Community District": 301, "Latitude": 40.701022, "Longitude": -73.942202, "Days of Operation": "Wednesday", "Hours of Operations": "9AM - 3PM", "Season Begin": "2023 Jul 05 12:00:00 AM", "Season End": "2023 Nov 22 12:00:00 AM", "Accepts EBT": "Yes", "Distributes Health Bucks?": "Yes", "Open Year-Round": "No", "Location Point": "(40.701022, -73.942202)", "Zip Code": 11206 }, "geometry": { "type": "Point", "coordinates": [ -73.942202, 40.701022 ] } },
{ "type": "Feature", "properties": { "Borough": "Manhattan", "Market Name": "Greenmarket at the Oculus", "Street Address": "Church at Fulton St.", "Community District": 101, "Latitude": 40.711466, "Longitude": -74.010662, "Days of Operation": "Tuesday", "Hours of Operations": "8AM - 5PM", "Season Begin": "2023 Jun 06 12:00:00 AM", "Season End": "2023 Nov 21 12:00:00 AM", "Accepts EBT": "Yes", "Distributes Health Bucks?": "Yes", "Open Year-Round": "No", "Location Point": "(40.711466, -74.010662)", "Zip Code": 10007 }, "geometry": { "type": "Point", "coordinates": [ -74.010662, 40.711466 ] } },
{ "type": "Feature", "properties": { "Borough": "Manhattan", "Market Name": "Bowling Green Greenmarket", "Street Address": "Broadway at Battery Place", "Community District": 101, "Latitude": 40.704549, "Longitude": -74.01429, "Days of Operation": "Tuesday & Thursday", "Hours of Operations": "8AM - 2PM", "Season Begin": "2023 Apr 04 12:00:00 AM", "Season End": "2023 Dec 28 12:00:00 AM", "Accepts EBT": "Yes", "Distributes Health Bucks?": "Yes", "Open Year-Round": "No", "Location Point": "(40.704549, -74.01429)", "Zip Code": 10004 }, "geometry": { "type": "Point", "coordinates": [ -74.01429, 40.704549 ] } },
{ "type": "Feature", "properties": { "Borough": "Queens", "Market Name": "Sunnyside Greenmarket", "Street Address": "Skillman Ave. & 43rd St.", "Community District": 402, "Latitude": 40.74701, "Longitude": -73.92173, "Days of Operation": "Saturday", "Hours of Operations": "8AM - 3PM", "Season Begin": "2023 Jan 01 12:00:00 AM", "Season End": "2023 Dec 31 12:00:00 AM", "Accepts EBT": "Yes", "Distributes Health Bucks?": "Yes", "Open Year-Round": "Yes", "Location Point": "(40.74701, -73.92173)", "Zip Code": 11104 }, "geometry": { "type": "Point", "coordinates": [ -73.92173, 40.74701 ] } },
{ "type": "Feature", "properties": { "Borough": "Brooklyn", "Market Name": "Brooklyn Borough Hall Greenmarket", "Street Address": "Montague & Court Sts.", "Community District": 302, "Latitude": 40.693722, "Longitude": -73.990455, "Days of Operation": "Tusday & Saturday", "Hours of Operations": "8AM - 3PM", "Season Begin": "2023 Jan 01 12:00:00 AM", "Season End": "2023 Dec 31 12:00:00 AM", "Accepts EBT": "Yes", "Distributes Health Bucks?": "Yes", "Open Year-Round": "Yes", "Location Point": "(40.693722, -73.990455)", "Zip Code": 11201 }, "geometry": { "type": "Point", "coordinates": [ -73.990455, 40.693722 ] } },
{ "type": "Feature", "properties": { "Borough": "Brooklyn", "Market Name": "Edible Schoolyard NYC's Farm Stand at PS 216", "Street Address": "350 Ave. X", "Community District": 315, "Latitude": 40.590564, "Longitude": -73.969964, "Days of Operation": "Friday", "Hours of Operations": "1:30PM - 3:30PM", "Season Begin": null, "Season End": null, "Accepts EBT": "Yes", "Distributes Health Bucks?": "Yes", "Open Year-Round": "No", "Location Point": "(40.590564, -73.969964)", "Zip Code": 11223 }, "geometry": { "type": "Point", "coordinates": [ -73.969964, 40.590564 ] } },
{ "type": "Feature", "properties": { "Borough": "Brooklyn", "Market Name": "Fresh Vibes Market at the Bureau of Brooklyn Neighborhood Health", "Street Address": "485 Throop Ave.", "Community District": 303, "Latitude": 40.685547, "Longitude": -73.941282, "Days of Operation": "Friday (2nd and 3rd)", "Hours of Operations": "11AM - 3PM", "Season Begin": null, "Season End": null, "Accepts EBT": "Yes", "Distributes Health Bucks?": "Yes", "Open Year-Round": "No", "Location Point": "(40.685547, -73.941282)", "Zip Code": 11221 }, "geometry": { "type": "Point", "coordinates": [ -73.941282, 40.685547 ] } },
{ "type": "Feature", "properties": { "Borough": "Brooklyn", "Market Name": "Project EATS Brownsville Farm Stand", "Street Address": "300 Chester St.", "Community District": 316, "Latitude": 40.664477, "Longitude": -73.910384, "Days of Operation": "Thursday", "Hours of Operations": "11AM - 4PM", "Season Begin": "2023 Jun 14 12:00:00 AM", "Season End": null, "Accepts EBT": "Yes", "Distributes Health Bucks?": "Yes", "Open Year-Round": "No", "Location Point": "(40.664477, -73.910384)", "Zip Code": 11212 }, "geometry": { "type": "Point", "coordinates": [ -73.910384, 40.664477 ] } },
{ "type": "Feature", "properties": { "Borough": "Manhattan", "Market Name": "Children's Aid  Go!Healthy Food Box + Farmstand - Milbank Center", "Street Address": "14-32 W. 118th St.", "Community District": 110, "Latitude": 40.802317, "Longitude": -73.946351, "Days of Operation": "Wednesday", "Hours of Operations": "2PM - 4:30PM", "Season Begin": "2023 Jul 12 12:00:00 AM", "Season End": "2023 Nov 15 12:00:00 AM", "Accepts EBT": "Yes", "Distributes Health Bucks?": "Yes", "Open Year-Round": "No", "Location Point": "(40.802317, -73.946351)", "Zip Code": 10026 }, "geometry": { "type": "Point", "coordinates": [ -73.946351, 40.802317 ] } },
{ "type": "Feature", "properties": { "Borough": "Bronx", "Market Name": "Harvest Home Hunts Point Farm Stand", "Street Address": "Southern Blvd bet Barretto & Tiffany Sts. (Luis Suarez Memorial Park)", "Community District": 202, "Latitude": 40.81894, "Longitude": -73.893492, "Days of Operation": "Wednesday", "Hours of Operations": "8AM - 3PM", "Season Begin": "2023 Jun 14 12:00:00 AM", "Season End": "2023 Nov 22 12:00:00 AM", "Accepts EBT": "Yes", "Distributes Health Bucks?": "Yes", "Open Year-Round": "No", "Location Point": "(40.81894, -73.893492)", "Zip Code": 10459 }, "geometry": { "type": "Point", "coordinates": [ -73.893492, 40.81894 ] } },
{ "type": "Feature", "properties": { "Borough": "Brooklyn", "Market Name": "Bay Ridge Greenmarket", "Street Address": "3rd Ave. & 95th St.", "Community District": 310, "Latitude": 40.61781, "Longitude": -74.03338, "Days of Operation": "Saturday", "Hours of Operations": "8AM - 3PM", "Season Begin": "2023 May 06 12:00:00 AM", "Season End": "2023 Nov 18 12:00:00 AM", "Accepts EBT": "Yes", "Distributes Health Bucks?": "Yes", "Open Year-Round": "No", "Location Point": "(40.61781, -74.03338)", "Zip Code": 11209 }, "geometry": { "type": "Point", "coordinates": [ -74.03338, 40.61781 ] } },
{ "type": "Feature", "properties": { "Borough": "Brooklyn", "Market Name": "Fresh Vibes Market at Blue Cross Blue Shield @ Knickerbocker Avenue", "Street Address": "364 Knickerbocker Ave.", "Community District": 304, "Latitude": 40.70048, "Longitude": -73.921519, "Days of Operation": "Monday (4th of each month)", "Hours of Operations": "10AM - 4PM", "Season Begin": null, "Season End": null, "Accepts EBT": "Yes", "Distributes Health Bucks?": "Yes", "Open Year-Round": "No", "Location Point": "(40.70048, -73.921519)", "Zip Code": 11237 }, "geometry": { "type": "Point", "coordinates": [ -73.921519, 40.70048 ] } },
{ "type": "Feature", "properties": { "Borough": "Queens", "Market Name": "Sovereign Markets", "Street Address": "Laurelton Long Island Railroad Station Commuter Parking Lot - Prospect Ct. bet 224th & 225th Sts.", "Community District": 413, "Latitude": 40.668389, "Longitude": -73.751972, "Days of Operation": "Saturday", "Hours of Operations": "11AM-3PM", "Season Begin": null, "Season End": null, "Accepts EBT": "Yes", "Distributes Health Bucks?": "No", "Open Year-Round": "No", "Location Point": "(40.668389, -73.751972)", "Zip Code": 11413 }, "geometry": { "type": "Point", "coordinates": [ -73.751972, 40.668389 ] } },
{ "type": "Feature", "properties": { "Borough": "Queens", "Market Name": "Forest Hills Greenmarket", "Street Address": "Queens Blvd. & 70th Ave.", "Community District": 406, "Latitude": 40.722054, "Longitude": -73.847155, "Days of Operation": "Sunday", "Hours of Operations": "8AM - 2PM", "Season Begin": "2023 Jan 01 12:00:00 AM", "Season End": "2023 Dec 31 12:00:00 AM", "Accepts EBT": "Yes", "Distributes Health Bucks?": "Yes", "Open Year-Round": "Yes", "Location Point": "(40.722054, -73.847155)", "Zip Code": 11375 }, "geometry": { "type": "Point", "coordinates": [ -73.847155, 40.722054 ] } },
{ "type": "Feature", "properties": { "Borough": "Brooklyn", "Market Name": "Isabahlia Farmers Market", "Street Address": "410 Livonia Ave. (In Front of Powell St. Garden)", "Community District": 316, "Latitude": 40.663532, "Longitude": -73.902236, "Days of Operation": "Saturday", "Hours of Operations": "8AM - 3PM", "Season Begin": "2023 Jul 01 12:00:00 AM", "Season End": null, "Accepts EBT": "Yes", "Distributes Health Bucks?": "Yes", "Open Year-Round": "No", "Location Point": "(40.663532, -73.902236)", "Zip Code": 11212 }, "geometry": { "type": "Point", "coordinates": [ -73.902236, 40.663532 ] } },
{ "type": "Feature", "properties": { "Borough": "Bronx", "Market Name": "Van Cortlandt Park Alliance Amalgamated Housing Youth Farmstand", "Street Address": "Orloff Ave. & Gale Place", "Community District": 208, "Latitude": 40.884532, "Longitude": -73.892172, "Days of Operation": "Wednesday", "Hours of Operations": "2PM - 7PM", "Season Begin": "2023 Jul 12 12:00:00 AM", "Season End": "2023 Oct 25 12:00:00 AM", "Accepts EBT": "Yes", "Distributes Health Bucks?": "Yes", "Open Year-Round": "No", "Location Point": "(40.884532, -73.892172)", "Zip Code": 10463 }, "geometry": { "type": "Point", "coordinates": [ -73.892172, 40.884532 ] } },
{ "type": "Feature", "properties": { "Borough": "Bronx", "Market Name": "Parkchester Greenmarket", "Street Address": "Westchester Ave. & White Plains Road", "Community District": 209, "Latitude": 40.833279, "Longitude": -73.862833, "Days of Operation": "Friday", "Hours of Operations": "8AM - 3PM", "Season Begin": "2023 Jun 30 12:00:00 AM", "Season End": "2023 Nov 17 12:00:00 AM", "Accepts EBT": "Yes", "Distributes Health Bucks?": "Yes", "Open Year-Round": "No", "Location Point": "(40.833279, -73.862833)", "Zip Code": 10472 }, "geometry": { "type": "Point", "coordinates": [ -73.862833, 40.833279 ] } },
{ "type": "Feature", "properties": { "Borough": "Brooklyn", "Market Name": "Hattie Carthan Herbal Apothecary/ Market", "Street Address": "48 Van Buren St.", "Community District": 303, "Latitude": 40.690036, "Longitude": -73.943557, "Days of Operation": "Sunday", "Hours of Operations": "1PM - 6PM", "Season Begin": null, "Season End": null, "Accepts EBT": "Yes", "Distributes Health Bucks?": "No", "Open Year-Round": "No", "Location Point": "(40.690036, -73.943557)", "Zip Code": 11221 }, "geometry": { "type": "Point", "coordinates": [ -73.943557, 40.690036 ] } },
{ "type": "Feature", "properties": { "Borough": "Bronx", "Market Name": "Harvest Home Mt. Eden Malls Farmers Market", "Street Address": "Mt. Eden & Morris Aves (Claremont Park)", "Community District": 204, "Latitude": 40.8429, "Longitude": -73.909558, "Days of Operation": "Tuesday & Thursday", "Hours of Operations": "8AM - 3PM", "Season Begin": "2023 Jun 06 12:00:00 AM", "Season End": "2023 Nov 21 12:00:00 AM", "Accepts EBT": "Yes", "Distributes Health Bucks?": "Yes", "Open Year-Round": "No", "Location Point": "(40.8429, -73.909558)", "Zip Code": 10457 }, "geometry": { "type": "Point", "coordinates": [ -73.909558, 40.8429 ] } },
{ "type": "Feature", "properties": { "Borough": "Manhattan", "Market Name": "94th Street Greenmarket", "Street Address": "E. 94th St. & 1st Ave.", "Community District": 108, "Latitude": 40.781968, "Longitude": -73.945267, "Days of Operation": "Sunday", "Hours of Operations": "9AM - 4PM", "Season Begin": "2023 Jun 18 12:00:00 AM", "Season End": "2023 Nov 19 12:00:00 AM", "Accepts EBT": "Yes", "Distributes Health Bucks?": "Yes", "Open Year-Round": "No", "Location Point": "(40.781968, -73.945267)", "Zip Code": 10128 }, "geometry": { "type": "Point", "coordinates": [ -73.945267, 40.781968 ] } },
{ "type": "Feature", "properties": { "Borough": "Brooklyn", "Market Name": "East New York Farmers Market", "Street Address": "Schenck Ave. bet New Lots & Livonia Aves", "Community District": 305, "Latitude": 40.665296, "Longitude": -73.886557, "Days of Operation": "Saturday", "Hours of Operations": "9AM - 3PM", "Season Begin": "2023 Jun 24 12:00:00 AM", "Season End": "2023 Nov 11 12:00:00 AM", "Accepts EBT": "Yes", "Distributes Health Bucks?": "Yes", "Open Year-Round": "No", "Location Point": "(40.665296, -73.886557)", "Zip Code": 11207 }, "geometry": { "type": "Point", "coordinates": [ -73.886557, 40.665296 ] } },
{ "type": "Feature", "properties": { "Borough": "Brooklyn", "Market Name": "McGolrick Park's Down to Earth Farmers Market", "Street Address": "Russell St. & Nassau Ave. (center of park)", "Community District": 301, "Latitude": 40.725617, "Longitude": -73.944497, "Days of Operation": "Sunday", "Hours of Operations": "9AM - 2PM", "Season Begin": "2023 Mar 05 12:00:00 AM", "Season End": "2023 Dec 17 12:00:00 AM", "Accepts EBT": "Yes", "Distributes Health Bucks?": "Yes", "Open Year-Round": "No", "Location Point": "(40.725617, -73.944497)", "Zip Code": 11222 }, "geometry": { "type": "Point", "coordinates": [ -73.944497, 40.725617 ] } },
{ "type": "Feature", "properties": { "Borough": "Bronx", "Market Name": "Mott Haven Farm Stand", "Street Address": "541 E. 139th St. (Padre Plaza Garden)", "Community District": 201, "Latitude": 40.807883, "Longitude": -73.917885, "Days of Operation": "Wednesday", "Hours of Operations": "9AM - 1PM", "Season Begin": "2023 Jul 05 12:00:00 AM", "Season End": "2023 Nov 15 12:00:00 AM", "Accepts EBT": "Yes", "Distributes Health Bucks?": "Yes", "Open Year-Round": "No", "Location Point": "(40.807883, -73.917885)", "Zip Code": 10454 }, "geometry": { "type": "Point", "coordinates": [ -73.917885, 40.807883 ] } },
{ "type": "Feature", "properties": { "Borough": "Brooklyn", "Market Name": "Seeds in the Middle Brownsville Farm Stand", "Street Address": "104 Sutter Ave. (IS 392)", "Community District": 316, "Latitude": 40.665965, "Longitude": -73.918107, "Days of Operation": "Tursday", "Hours of Operations": "2PM - 4PM", "Season Begin": null, "Season End": null, "Accepts EBT": "Yes", "Distributes Health Bucks?": "Yes", "Open Year-Round": "No", "Location Point": "(40.665965, -73.918107)", "Zip Code": 11212 }, "geometry": { "type": "Point", "coordinates": [ -73.918107, 40.665965 ] } },
{ "type": "Feature", "properties": { "Borough": "Bronx", "Market Name": "La Familia Verde Farmers Market", "Street Address": "E. Tremont Ave. bet Arthur Ave. & LaFontaine Ave.", "Community District": 206, "Latitude": 40.846448, "Longitude": -73.893563, "Days of Operation": "Tuesday", "Hours of Operations": "8AM - 2PM", "Season Begin": "2023 Jul 11 12:00:00 AM", "Season End": "2023 Nov 14 12:00:00 AM", "Accepts EBT": "Yes", "Distributes Health Bucks?": "Yes", "Open Year-Round": "No", "Location Point": "(40.846448, -73.893563)", "Zip Code": 10457 }, "geometry": { "type": "Point", "coordinates": [ -73.893563, 40.846448 ] } },
{ "type": "Feature", "properties": { "Borough": "Brooklyn", "Market Name": "Harvest Home Brower Park Farm Stand", "Street Address": "Brooklyn Ave. & Prospect Place", "Community District": 308, "Latitude": 40.674, "Longitude": -73.944544, "Days of Operation": "Thursday", "Hours of Operations": "8AM - 3PM", "Season Begin": "2023 Jun 15 12:00:00 AM", "Season End": "2023 Nov 16 12:00:00 AM", "Accepts EBT": "Yes", "Distributes Health Bucks?": "Yes", "Open Year-Round": "No", "Location Point": "(40.674, -73.944544)", "Zip Code": 11213 }, "geometry": { "type": "Point", "coordinates": [ -73.944544, 40.674 ] } },
{ "type": "Feature", "properties": { "Borough": "Manhattan", "Market Name": "Two Bridges Youth Market", "Street Address": "50 Madison St.", "Community District": 103, "Latitude": 40.711958, "Longitude": -73.997825, "Days of Operation": "Sunday", "Hours of Operations": "10:30AM - 3:30PM", "Season Begin": "2023 Jul 02 12:00:00 AM", "Season End": "2023 Dec 19 12:00:00 AM", "Accepts EBT": "Yes", "Distributes Health Bucks?": "yes", "Open Year-Round": "No", "Location Point": "(40.711958, -73.997825)", "Zip Code": 10038 }, "geometry": { "type": "Point", "coordinates": [ -73.997825, 40.711958 ] } },
{ "type": "Feature", "properties": { "Borough": "Manhattan", "Market Name": "NYP Youth Market - Audobon", "Street Address": "21 Audobon Ave.", "Community District": 112, "Latitude": 40.839441, "Longitude": -73.939118, "Days of Operation": "Thursday", "Hours of Operations": "9AM - 3PM", "Season Begin": "2023 Jul 06 12:00:00 AM", "Season End": "2023 Aug 24 12:00:00 AM", "Accepts EBT": "No", "Distributes Health Bucks?": "No", "Open Year-Round": "No", "Location Point": "(40.839441, -73.939118)", "Zip Code": 10032 }, "geometry": { "type": "Point", "coordinates": [ -73.939118, 40.839441 ] } },
{ "type": "Feature", "properties": { "Borough": "Bronx", "Market Name": "Riverdale Neighborhood House", "Street Address": "5521 Mosholu Ave.", "Community District": 208, "Latitude": 40.903039, "Longitude": -73.90375, "Days of Operation": "Thursday", "Hours of Operations": "1PM - 6PM", "Season Begin": "2023 May 24 12:00:00 AM", "Season End": "2023 Nov 15 12:00:00 AM", "Accepts EBT": "Yes", "Distributes Health Bucks?": "Yes", "Open Year-Round": "No", "Location Point": "(40.903039, -73.90375)", "Zip Code": 10471 }, "geometry": { "type": "Point", "coordinates": [ -73.90375, 40.903039 ] } },
{ "type": "Feature", "properties": { "Borough": "Brooklyn", "Market Name": "Seeds in the Middle - Brownsville I.S. 392 Farm Stand", "Street Address": "104 Sutter Ave.", "Community District": 316, "Latitude": 40.665965, "Longitude": -73.918107, "Days of Operation": "Tuesdays", "Hours of Operations": "2:30PM - 4:30PM (fall)", "Season Begin": "2023 Jan 01 12:00:00 AM", "Season End": "2023 Dec 31 12:00:00 AM", "Accepts EBT": "Yes", "Distributes Health Bucks?": "Yes", "Open Year-Round": "No", "Location Point": "(40.665965, -73.918107)", "Zip Code": 11212 }, "geometry": { "type": "Point", "coordinates": [ -73.918107, 40.665965 ] } },
{ "type": "Feature", "properties": { "Borough": "Manhattan", "Market Name": "57th Street Greenmarket", "Street Address": "W. 57th St. & 10th Ave.", "Community District": 104, "Latitude": 40.769117, "Longitude": -73.988559, "Days of Operation": "Saturday", "Hours of Operations": "8AM - 3PM", "Season Begin": "2023 Jun 03 12:00:00 AM", "Season End": "2023 Nov 18 12:00:00 AM", "Accepts EBT": "Yes", "Distributes Health Bucks?": "Yes", "Open Year-Round": "No", "Location Point": "(40.769117, -73.988559)", "Zip Code": 10019 }, "geometry": { "type": "Point", "coordinates": [ -73.988559, 40.769117 ] } },
{ "type": "Feature", "properties": { "Borough": "Brooklyn", "Market Name": "Hattie Carthan Community Market", "Street Address": "363-365 Clifton Place", "Community District": 303, "Latitude": 40.689628, "Longitude": -73.946882, "Days of Operation": "Saturday", "Hours of Operations": "9AM-3PM", "Season Begin": null, "Season End": null, "Accepts EBT": "Yes", "Distributes Health Bucks?": "No", "Open Year-Round": "No", "Location Point": "(40.689628, -73.946882)", "Zip Code": 11216 }, "geometry": { "type": "Point", "coordinates": [ -73.946882, 40.689628 ] } },
{ "type": "Feature", "properties": { "Borough": "Brooklyn", "Market Name": "Cypress Hills Farmstand", "Street Address": "Fulton St. bet Richmond and Logan Sts. (in front of Cypress Hills Senior Center)", "Community District": 305, "Latitude": 40.682391, "Longitude": -73.913554, "Days of Operation": "Friday", "Hours of Operations": "10AM - 3PM", "Season Begin": "2023 Jul 07 12:00:00 AM", "Season End": "2023 Nov 17 12:00:00 AM", "Accepts EBT": "Yes", "Distributes Health Bucks?": "Yes", "Open Year-Round": "No", "Location Point": "(40.682391, -73.913554)", "Zip Code": 11208 }, "geometry": { "type": "Point", "coordinates": [ -73.913554, 40.682391 ] } },
{ "type": "Feature", "properties": { "Borough": "Brooklyn", "Market Name": "Wyckoff House Museum Farmstand", "Street Address": "5816 Clarendon Road", "Community District": 317, "Latitude": 40.64497, "Longitude": -73.920914, "Days of Operation": "Saturday", "Hours of Operations": "11AM - 3PM", "Season Begin": "2023 Jun 17 12:00:00 AM", "Season End": "2023 Oct 28 12:00:00 AM", "Accepts EBT": "Yes", "Distributes Health Bucks?": "Yes", "Open Year-Round": "No", "Location Point": "(40.64497, -73.920914)", "Zip Code": 11203 }, "geometry": { "type": "Point", "coordinates": [ -73.920914, 40.64497 ] } },
{ "type": "Feature", "properties": { "Borough": "Brooklyn", "Market Name": "Park Slope's Down to Earth Farmers Market", "Street Address": "4th St. & 5th Ave.", "Community District": 306, "Latitude": 40.672194, "Longitude": -73.983785, "Days of Operation": "Sunday", "Hours of Operations": "9AM - 2PM", "Season Begin": "2023 Jan 01 12:00:00 AM", "Season End": "2023 Dec 31 12:00:00 AM", "Accepts EBT": "Yes", "Distributes Health Bucks?": "Yes", "Open Year-Round": "Yes", "Location Point": "(40.672194, -73.983785)", "Zip Code": 11215 }, "geometry": { "type": "Point", "coordinates": [ -73.983785, 40.672194 ] } },
{ "type": "Feature", "properties": { "Borough": "Queens", "Market Name": "Queens Farm - Queens Borough Hall", "Street Address": "120-55 Queens Blvd.", "Community District": 409, "Latitude": 40.713318, "Longitude": -73.82858, "Days of Operation": "Thursday", "Hours of Operations": "11AM - 3PM", "Season Begin": "2023 Jun 09 12:00:00 AM", "Season End": "2023 Nov 02 12:00:00 AM", "Accepts EBT": "Yes", "Distributes Health Bucks?": "Yes", "Open Year-Round": "No", "Location Point": "(40.713318, -73.82858)", "Zip Code": 11424 }, "geometry": { "type": "Point", "coordinates": [ -73.82858, 40.713318 ] } },
{ "type": "Feature", "properties": { "Borough": "Queens", "Market Name": "St. Albans Farmers Market", "Street Address": "St. Albans Long Island Railroad Commuter Parking Lot - Linden Blvd. bet 180th & Newburg Sts.", "Community District": 412, "Latitude": 40.69225, "Longitude": -73.766682, "Days of Operation": "Saturday", "Hours of Operations": "11AM - 4PM", "Season Begin": null, "Season End": null, "Accepts EBT": "TBD", "Distributes Health Bucks?": "No", "Open Year-Round": "No", "Location Point": "(40.69225, -73.766682)", "Zip Code": 11434 }, "geometry": { "type": "Point", "coordinates": [ -73.766682, 40.69225 ] } },
{ "type": "Feature", "properties": { "Borough": "Queens", "Market Name": "Flushing Greenmarket", "Street Address": "Sanford Ave. & Union St. (Bowne Playground)", "Community District": 407, "Latitude": 40.757731, "Longitude": -73.824852, "Days of Operation": "Wednesday", "Hours of Operations": "8AM - 3PM", "Season Begin": "2023 Jul 05 12:00:00 AM", "Season End": "2023 Nov 29 12:00:00 AM", "Accepts EBT": "Yes", "Distributes Health Bucks?": "Yes", "Open Year-Round": "No", "Location Point": "(40.757731, -73.824852)", "Zip Code": 11355 }, "geometry": { "type": "Point", "coordinates": [ -73.824852, 40.757731 ] } },
{ "type": "Feature", "properties": { "Borough": "Manhattan", "Market Name": "Grass Roots Farmers' Market", "Street Address": "W. 145th St. bet Edgecombe & Bradhurst Aves, at Jackie Robinson Park", "Community District": 109, "Latitude": 40.823647, "Longitude": -73.943844, "Days of Operation": "Tuesday & Saturday", "Hours of Operations": "9AM - 4PM", "Season Begin": "2023 Jul 08 12:00:00 AM", "Season End": "2023 Nov 28 12:00:00 AM", "Accepts EBT": "Yes", "Distributes Health Bucks?": "Yes", "Open Year-Round": "No", "Location Point": "(40.823647, -73.943844)", "Zip Code": 10031 }, "geometry": { "type": "Point", "coordinates": [ -73.943844, 40.823647 ] } },
{ "type": "Feature", "properties": { "Borough": "Manhattan", "Market Name": "Bro Sis Green Youth Market", "Street Address": "Amsterdam bet W. 143rd & 144th Sts., at Johnny Hartman Plaza", "Community District": 109, "Latitude": 40.82394, "Longitude": -73.948552, "Days of Operation": "Wednesday", "Hours of Operations": "10:30AM - 6PM", "Season Begin": "2023 May 17 12:00:00 AM", "Season End": "2023 Nov 22 12:00:00 AM", "Accepts EBT": "Yes", "Distributes Health Bucks?": "Yes", "Open Year-Round": "No", "Location Point": "(40.82394, -73.948552)", "Zip Code": 10031 }, "geometry": { "type": "Point", "coordinates": [ -73.948552, 40.82394 ] } },
{ "type": "Feature", "properties": { "Borough": "Brooklyn", "Market Name": "Sunset Park Farmstand", "Street Address": "7th Ave. and 44th St.", "Community District": 307, "Latitude": 40.645841, "Longitude": -74.002402, "Days of Operation": "Saturdays", "Hours of Operations": "8AM - 2PM", "Season Begin": "2022 Dec 02 12:00:00 AM", "Season End": "2023 May 18 12:00:00 AM", "Accepts EBT": "Yes", "Distributes Health Bucks?": "Yes", "Open Year-Round": "No", "Location Point": "(40.645841, -74.002402)", "Zip Code": 11232 }, "geometry": { "type": "Point", "coordinates": [ -74.002402, 40.645841 ] } },
{ "type": "Feature", "properties": { "Borough": "Manhattan", "Market Name": "Market in the Heights at 125", "Street Address": "163 West 125th St.", "Community District": 101, "Latitude": 40.809344, "Longitude": -73.947722, "Days of Operation": "Saturday (once a month)", "Hours of Operations": "9AM - 4PM", "Season Begin": null, "Season End": "2023 Nov 11 12:00:00 AM", "Accepts EBT": "Yes", "Distributes Health Bucks?": "Yes", "Open Year-Round": "No", "Location Point": "(40.809344, -73.947722)", "Zip Code": 10027 }, "geometry": { "type": "Point", "coordinates": [ -73.947722, 40.809344 ] } },
{ "type": "Feature", "properties": { "Borough": "Queens", "Market Name": "Forest Park Farmstand", "Street Address": "Park Lane South & Myrtle Ave. (My Buddy Statue Plaza)", "Community District": 409, "Latitude": 40.701192, "Longitude": -73.841597, "Days of Operation": "Saturday", "Hours of Operations": "9:30AM - 2PM", "Season Begin": "2023 Jul 01 12:00:00 AM", "Season End": "2023 Nov 18 12:00:00 AM", "Accepts EBT": "Yes", "Distributes Health Bucks?": "Yes", "Open Year-Round": "No", "Location Point": "(40.701192, -73.841597)", "Zip Code": 11418 }, "geometry": { "type": "Point", "coordinates": [ -73.841597, 40.701192 ] } },
{ "type": "Feature", "properties": { "Borough": "Brooklyn", "Market Name": "Harvest Home Coney Island Hospital Farmers Market", "Street Address": "Ocean Parkway bet Ave. Z & Shore Parkway", "Community District": 313, "Latitude": 40.5867, "Longitude": -73.96615, "Days of Operation": "Friday", "Hours of Operations": "8AM - 3PM", "Season Begin": "2023 Jun 16 12:00:00 AM", "Season End": "2023 Nov 17 12:00:00 AM", "Accepts EBT": "Yes", "Distributes Health Bucks?": "Yes", "Open Year-Round": "No", "Location Point": "(40.5867, -73.96615)", "Zip Code": 11235 }, "geometry": { "type": "Point", "coordinates": [ -73.96615, 40.5867 ] } },
{ "type": "Feature", "properties": { "Borough": "Brooklyn", "Market Name": "Boro Park Greenmarket", "Street Address": "14th Ave. bet 49th & 50th Sts.", "Community District": 312, "Latitude": 40.633285, "Longitude": -73.990548, "Days of Operation": "Thursday", "Hours of Operations": "8AM - 2PM", "Season Begin": "2023 Jul 06 12:00:00 AM", "Season End": "2023 Nov 16 12:00:00 AM", "Accepts EBT": "Yes", "Distributes Health Bucks?": "Yes", "Open Year-Round": "No", "Location Point": "(40.633285, -73.990548)", "Zip Code": 11219 }, "geometry": { "type": "Point", "coordinates": [ -73.990548, 40.633285 ] } },
{ "type": "Feature", "properties": { "Borough": "Queens", "Market Name": "Ridgewood Farmstand", "Street Address": "Cypress Ave. bet Myrtle Ave. & Putnam Ave.", "Community District": 405, "Latitude": 40.700403, "Longitude": -73.90668, "Days of Operation": "Saturday", "Hours of Operations": "8AM - 2:30PM", "Season Begin": "2023 Jul 01 12:00:00 AM", "Season End": "2023 Nov 18 12:00:00 AM", "Accepts EBT": "Yes", "Distributes Health Bucks?": "Yes", "Open Year-Round": "No", "Location Point": "(40.700403, -73.90668)", "Zip Code": 11385 }, "geometry": { "type": "Point", "coordinates": [ -73.90668, 40.700403 ] } },
{ "type": "Feature", "properties": { "Borough": "Queens", "Market Name": "Corona Greenmarket", "Street Address": "Roosevelt Ave. & 103rd St.", "Community District": 403, "Latitude": 40.749869, "Longitude": -73.862726, "Days of Operation": "Friday", "Hours of Operations": "8AM - 3PM", "Season Begin": "2023 Jun 16 12:00:00 AM", "Season End": "2023 Nov 17 12:00:00 AM", "Accepts EBT": "Yes", "Distributes Health Bucks?": "Yes", "Open Year-Round": "No", "Location Point": "(40.749869, -73.862726)", "Zip Code": 11368 }, "geometry": { "type": "Point", "coordinates": [ -73.862726, 40.749869 ] } },
{ "type": "Feature", "properties": { "Borough": "Manhattan", "Market Name": "Tucker Square Greenmarket", "Street Address": "Columbus & 66th St.", "Community District": 107, "Latitude": 40.773709, "Longitude": -73.98196, "Days of Operation": "Thursday & Saturday", "Hours of Operations": "8AM - 3PM (Thursday); 8AM - 4PM (Saturday)", "Season Begin": "2023 Jan 01 12:00:00 AM", "Season End": "2023 Dec 31 12:00:00 AM", "Accepts EBT": "Yes", "Distributes Health Bucks?": "Yes", "Open Year-Round": "Yes", "Location Point": "(40.773709, -73.98196)", "Zip Code": 10023 }, "geometry": { "type": "Point", "coordinates": [ -73.98196, 40.773709 ] } },
{ "type": "Feature", "properties": { "Borough": "Brooklyn", "Market Name": "Bartel-Pritchard Square Greenmarket", "Street Address": "Prospect Park W. at 15th St.", "Community District": 355, "Latitude": 40.661354, "Longitude": -73.96968, "Days of Operation": "Wednesday (year-round) & Sunday (seasonal)", "Hours of Operations": "8AM - 2PM (W); 9AM - 2PM (SU)", "Season Begin": "2023 Jan 01 12:00:00 AM", "Season End": "2023 Dec 31 12:00:00 AM", "Accepts EBT": "Yes", "Distributes Health Bucks?": "Yes", "Open Year-Round": "Yes", "Location Point": "(40.661354, -73.96968)", "Zip Code": 11215 }, "geometry": { "type": "Point", "coordinates": [ -73.96968, 40.661354 ] } },
{ "type": "Feature", "properties": { "Borough": "Bronx", "Market Name": "Harvest Home Jacobi Hospital Farmers Market", "Street Address": "1400 Pelham Parkway", "Community District": 211, "Latitude": 40.8574, "Longitude": -73.847079, "Days of Operation": "Friday", "Hours of Operations": "8AM - 3PM", "Season Begin": "2023 Jun 23 12:00:00 AM", "Season End": "2023 Nov 17 12:00:00 AM", "Accepts EBT": "Yes", "Distributes Health Bucks?": "Yes", "Open Year-Round": "No", "Location Point": "(40.8574, -73.847079)", "Zip Code": 10461 }, "geometry": { "type": "Point", "coordinates": [ -73.847079, 40.8574 ] } },
{ "type": "Feature", "properties": { "Borough": "Queens", "Market Name": "Socrates Sculpture Park", "Street Address": "32-01 Vernon Blvd.", "Community District": 401, "Latitude": 40.767634, "Longitude": -73.936314, "Days of Operation": "Saturday", "Hours of Operations": "10AM - 2PM", "Season Begin": "2023 May 26 12:00:00 AM", "Season End": "2023 Nov 18 12:00:00 AM", "Accepts EBT": "Yes", "Distributes Health Bucks?": "Yes", "Open Year-Round": "No", "Location Point": "(40.767634, -73.936314)", "Zip Code": 11106 }, "geometry": { "type": "Point", "coordinates": [ -73.936314, 40.767634 ] } },
{ "type": "Feature", "properties": { "Borough": "Queens", "Market Name": "Edgemere Farm Market", "Street Address": "385 Beach 45th St.", "Community District": 414, "Latitude": 40.595255, "Longitude": -73.776524, "Days of Operation": "Sunday", "Hours of Operations": "10AM - 1PM", "Season Begin": "2023 May 21 12:00:00 AM", "Season End": "2023 Oct 31 12:00:00 AM", "Accepts EBT": "Yes", "Distributes Health Bucks?": "Yes", "Open Year-Round": "No", "Location Point": "(40.595255, -73.776524)", "Zip Code": 11691 }, "geometry": { "type": "Point", "coordinates": [ -73.776524, 40.595255 ] } },
{ "type": "Feature", "properties": { "Borough": "Bronx", "Market Name": "Morning Glory Market at the New York Botanical Gardens", "Street Address": "2900 Southern Blvd.", "Community District": 227, "Latitude": 40.865684, "Longitude": -73.883312, "Days of Operation": "Wednesday", "Hours of Operations": "10AM - 3PM", "Season Begin": "2023 May 24 12:00:00 AM", "Season End": "2023 Oct 25 12:00:00 AM", "Accepts EBT": "Yes", "Distributes Health Bucks?": "Yes", "Open Year-Round": "No", "Location Point": "(40.865684, -73.883312)", "Zip Code": 10458 }, "geometry": { "type": "Point", "coordinates": [ -73.883312, 40.865684 ] } },
{ "type": "Feature", "properties": { "Borough": "Queens", "Market Name": "Jackson Heights Greenmarket", "Street Address": "34th Ave. & 79th St.", "Community District": 403, "Latitude": 40.753607, "Longitude": -73.887739, "Days of Operation": "Sunday", "Hours of Operations": "8AM - 3PM", "Season Begin": "2023 Jan 01 12:00:00 AM", "Season End": "2023 Dec 31 12:00:00 AM", "Accepts EBT": "Yes", "Distributes Health Bucks?": "Yes", "Open Year-Round": "Yes", "Location Point": "(40.753607, -73.887739)", "Zip Code": 11372 }, "geometry": { "type": "Point", "coordinates": [ -73.887739, 40.753607 ] } },
{ "type": "Feature", "properties": { "Borough": "Manhattan", "Market Name": "Mount Sinai Greenmarket", "Street Address": "Madison Ave. & 99th St.", "Community District": 111, "Latitude": 40.789386, "Longitude": -73.952595, "Days of Operation": "Wednesday", "Hours of Operations": "8AM - 3PM", "Season Begin": "2023 Jun 14 12:00:00 AM", "Season End": "2023 Nov 22 12:00:00 AM", "Accepts EBT": "Yes", "Distributes Health Bucks?": "Yes", "Open Year-Round": "No", "Location Point": "(40.789386, -73.952595)", "Zip Code": 10029 }, "geometry": { "type": "Point", "coordinates": [ -73.952595, 40.789386 ] } },
{ "type": "Feature", "properties": { "Borough": "Brooklyn", "Market Name": "East New York Farmers Stand I", "Street Address": "Euclid & Pitkin Aves.", "Community District": 305, "Latitude": 40.675404, "Longitude": -73.871914, "Days of Operation": "Thursday", "Hours of Operations": "2PM - 6:30PM", "Season Begin": "2023 Jul 06 12:00:00 AM", "Season End": "2023 Oct 26 12:00:00 AM", "Accepts EBT": "Yes", "Distributes Health Bucks?": "Yes", "Open Year-Round": "No", "Location Point": "(40.675404, -73.871914)", "Zip Code": 11208 }, "geometry": { "type": "Point", "coordinates": [ -73.871914, 40.675404 ] } },
{ "type": "Feature", "properties": { "Borough": "Manhattan", "Market Name": "Chelsea's Down to Earth Farmers Market", "Street Address": "W. 23rd St. bet 8th & 9th Aves.", "Community District": 104, "Latitude": 40.745293, "Longitude": -73.998488, "Days of Operation": "Saturday", "Hours of Operations": "9AM - 2PM", "Season Begin": "2023 Apr 22 12:00:00 AM", "Season End": "2023 Dec 23 12:00:00 AM", "Accepts EBT": "Yes", "Distributes Health Bucks?": "Yes", "Open Year-Round": "No", "Location Point": "(40.745293, -73.998488)", "Zip Code": 10011 }, "geometry": { "type": "Point", "coordinates": [ -73.998488, 40.745293 ] } },
{ "type": "Feature", "properties": { "Borough": "Brooklyn", "Market Name": "Urban Oasis", "Street Address": "681 Clarkson Ave.", "Community District": 309, "Latitude": 40.657269, "Longitude": -73.934066, "Days of Operation": "Wednesday", "Hours of Operations": "2PM - 5:30PM", "Season Begin": "2023 Jun 07 12:00:00 AM", "Season End": "2023 Nov 22 12:00:00 AM", "Accepts EBT": "No", "Distributes Health Bucks?": "No", "Open Year-Round": "No", "Location Point": "(40.657269, -73.934066)", "Zip Code": 11203 }, "geometry": { "type": "Point", "coordinates": [ -73.934066, 40.657269 ] } },
{ "type": "Feature", "properties": { "Borough": "Brooklyn", "Market Name": "Fresh Vibes Market at Canarsie Pier", "Street Address": "Canarsie Veteran's Circle", "Community District": 318, "Latitude": 40.6289, "Longitude": -73.8842, "Days of Operation": "Tuesday", "Hours of Operations": "9AM - 2PM", "Season Begin": null, "Season End": null, "Accepts EBT": "Yes", "Distributes Health Bucks?": "Yes", "Open Year-Round": "No", "Location Point": "(40.6289, -73.8842)", "Zip Code": 11236 }, "geometry": { "type": "Point", "coordinates": [ -73.8842, 40.6289 ] } },
{ "type": "Feature", "properties": { "Borough": "Brooklyn", "Market Name": "People in Need Farmstand", "Street Address": "114 Beverly Road", "Community District": 312, "Latitude": 40.642934, "Longitude": -73.978827, "Days of Operation": "Sunday", "Hours of Operations": "11AM - 1PM", "Season Begin": "2023 Jan 01 12:00:00 AM", "Season End": "2023 Dec 31 12:00:00 AM", "Accepts EBT": "yes", "Distributes Health Bucks?": "No", "Open Year-Round": "Yes", "Location Point": "(40.642934, -73.978827)", "Zip Code": 11218 }, "geometry": { "type": "Point", "coordinates": [ -73.978827, 40.642934 ] } },
{ "type": "Feature", "properties": { "Borough": "Brooklyn", "Market Name": "Seeds in the Middle - Ocean Hill - Brownsville Farm Stand", "Street Address": "2163 Dean St.", "Community District": 316, "Latitude": 40.675024, "Longitude": -73.915778, "Days of Operation": "Wednesday", "Hours of Operations": "12:30PM - 3:30PM", "Season Begin": "2023 Jan 01 12:00:00 AM", "Season End": "2023 Dec 31 12:00:00 AM", "Accepts EBT": "Yes", "Distributes Health Bucks?": "Yes", "Open Year-Round": "No", "Location Point": "(40.675024, -73.915778)", "Zip Code": 11233 }, "geometry": { "type": "Point", "coordinates": [ -73.915778, 40.675024 ] } },
{ "type": "Feature", "properties": { "Borough": "Brooklyn", "Market Name": "Brooklyn Grange Farm Stand", "Street Address": "850 3rd Ave. (Roof)", "Community District": 407, "Latitude": 40.658518, "Longitude": -74.003327, "Days of Operation": "Sunday (second Sunday of each month)", "Hours of Operations": "9AM - 3PM", "Season Begin": "2023 May 21 12:00:00 AM", "Season End": "2023 Oct 22 12:00:00 AM", "Accepts EBT": "Yes", "Distributes Health Bucks?": "Yes", "Open Year-Round": "No", "Location Point": "(40.658518, -74.003327)", "Zip Code": 11232 }, "geometry": { "type": "Point", "coordinates": [ -74.003327, 40.658518 ] } },
{ "type": "Feature", "properties": { "Borough": "Manhattan", "Market Name": "97th Street Greenmarket", "Street Address": "97th St. bet Columbus & Amsterdam Aves", "Community District": 107, "Latitude": 40.794003, "Longitude": -73.96807, "Days of Operation": "Friday", "Hours of Operations": "8AM - 2PM", "Season Begin": "2023 Jan 01 12:00:00 AM", "Season End": "2023 Dec 31 12:00:00 AM", "Accepts EBT": "Yes", "Distributes Health Bucks?": "Yes", "Open Year-Round": "Yes", "Location Point": "(40.794003, -73.96807)", "Zip Code": 10025 }, "geometry": { "type": "Point", "coordinates": [ -73.96807, 40.794003 ] } },
{ "type": "Feature", "properties": { "Borough": "Manhattan", "Market Name": "Harvest Home Metropolitan Hospital Farmers Market", "Street Address": "E. 97th St. & 2nd Ave.", "Community District": 111, "Latitude": 40.784943, "Longitude": -73.946589, "Days of Operation": "Friday", "Hours of Operations": "8AM - 3PM", "Season Begin": "2023 Jun 16 12:00:00 AM", "Season End": "2023 Nov 17 12:00:00 AM", "Accepts EBT": "Yes", "Distributes Health Bucks?": "Yes", "Open Year-Round": "No", "Location Point": "(40.784943, -73.946589)", "Zip Code": 10029 }, "geometry": { "type": "Point", "coordinates": [ -73.946589, 40.784943 ] } },
{ "type": "Feature", "properties": { "Borough": "Manhattan", "Market Name": "Project EATS Farm Stand at Essex Crossing", "Street Address": "115 Delancey St.", "Community District": 103, "Latitude": 40.719322, "Longitude": -73.987817, "Days of Operation": "Wednesday-Sunday", "Hours of Operations": "11AM  - 7PM", "Season Begin": "2023 May 24 12:00:00 AM", "Season End": null, "Accepts EBT": "Yes", "Distributes Health Bucks?": "Yes", "Open Year-Round": "No", "Location Point": "(40.719322, -73.987817)", "Zip Code": 10002 }, "geometry": { "type": "Point", "coordinates": [ -73.987817, 40.719322 ] } },
{ "type": "Feature", "properties": { "Borough": "Brooklyn", "Market Name": "Fresh Vibes Market at the American Beverage Association", "Street Address": "2010 Fulton St.", "Community District": 303, "Latitude": 40.678542, "Longitude": -73.917821, "Days of Operation": "Thursday (1st and 3rd)", "Hours of Operations": "10AM - 1PM", "Season Begin": null, "Season End": null, "Accepts EBT": "Yes", "Distributes Health Bucks?": "Yes", "Open Year-Round": "No", "Location Point": "(40.678542, -73.917821)", "Zip Code": 11233 }, "geometry": { "type": "Point", "coordinates": [ -73.917821, 40.678542 ] } },
{ "type": "Feature", "properties": { "Borough": "Staten Island", "Market Name": "Heritage Farm Stand (Compost Demonstration Site)", "Street Address": "1000 Richmond Terrace (compost demonstration site)", "Community District": 501, "Latitude": 40.645075, "Longitude": -74.104753, "Days of Operation": "Friday", "Hours of Operations": "3:30PM - 6PM", "Season Begin": "2023 Jun 02 12:00:00 AM", "Season End": "2023 Oct 13 12:00:00 AM", "Accepts EBT": "Yes", "Distributes Health Bucks?": "Yes", "Open Year-Round": "No", "Location Point": "(40.645075, -74.104753)", "Zip Code": 10301 }, "geometry": { "type": "Point", "coordinates": [ -74.104753, 40.645075 ] } },
{ "type": "Feature", "properties": { "Borough": "Bronx", "Market Name": "The Market at Preston", "Street Address": "2780 Schurz Ave. (Preston High School)", "Community District": 210, "Latitude": 40.814256, "Longitude": -73.819339, "Days of Operation": "Tuesday", "Hours of Operations": "4PM - 7PM", "Season Begin": "2023 Jun 27 12:00:00 AM", "Season End": "2023 Sep 26 12:00:00 AM", "Accepts EBT": "Yes", "Distributes Health Bucks?": "No", "Open Year-Round": "No", "Location Point": "(40.814256, -73.819339)", "Zip Code": 10465 }, "geometry": { "type": "Point", "coordinates": [ -73.819339, 40.814256 ] } },
{ "type": "Feature", "properties": { "Borough": "Manhattan", "Market Name": "Dag Hammarskjold Greenmarket", "Street Address": "47th St. & 2nd Ave.", "Community District": 106, "Latitude": 40.752122, "Longitude": -73.968154, "Days of Operation": "Wednesday", "Hours of Operations": "8AM - 3PM", "Season Begin": "2023 Jan 01 12:00:00 AM", "Season End": "2023 Dec 31 12:00:00 AM", "Accepts EBT": "Yes", "Distributes Health Bucks?": "Yes", "Open Year-Round": "Yes", "Location Point": "(40.752122, -73.968154)", "Zip Code": 10017 }, "geometry": { "type": "Point", "coordinates": [ -73.968154, 40.752122 ] } },
{ "type": "Feature", "properties": { "Borough": "Staten Island", "Market Name": "St. George Greenmarket", "Street Address": "St Marks Pl. & Hyatt St.", "Community District": 501, "Latitude": 40.641586, "Longitude": -74.0779, "Days of Operation": "Saturday", "Hours of Operations": "8AM - 2PM", "Season Begin": "2023 Jan 01 12:00:00 AM", "Season End": "2023 Dec 31 12:00:00 AM", "Accepts EBT": "Yes", "Distributes Health Bucks?": "Yes", "Open Year-Round": "Yes", "Location Point": "(40.641586, -74.0779)", "Zip Code": 10301 }, "geometry": { "type": "Point", "coordinates": [ -74.0779, 40.641586 ] } },
{ "type": "Feature", "properties": { "Borough": "Manhattan", "Market Name": "Columbia Greenmarket", "Street Address": "Broadway & 114th St.", "Community District": 109, "Latitude": 40.807145, "Longitude": -73.964265, "Days of Operation": "Thursdays & Sundays", "Hours of Operations": "8AM - 4PM", "Season Begin": "2023 Jan 01 12:00:00 AM", "Season End": "2023 Dec 31 12:00:00 AM", "Accepts EBT": "Yes", "Distributes Health Bucks?": "Yes", "Open Year-Round": "Yes", "Location Point": "(40.807145, -73.964265)", "Zip Code": 10025 }, "geometry": { "type": "Point", "coordinates": [ -73.964265, 40.807145 ] } },
{ "type": "Feature", "properties": { "Borough": "Brooklyn", "Market Name": "Fort Greene Greenmarket", "Street Address": "Washington Park & Dekalb Ave.", "Community District": 302, "Latitude": 40.691457, "Longitude": -73.973421, "Days of Operation": "Saturday", "Hours of Operations": "8AM - 3PM", "Season Begin": "2023 Jan 01 12:00:00 AM", "Season End": "2023 Dec 31 12:00:00 AM", "Accepts EBT": "Yes", "Distributes Health Bucks?": "Yes", "Open Year-Round": "Yes", "Location Point": "(40.691457, -73.973421)", "Zip Code": 11201 }, "geometry": { "type": "Point", "coordinates": [ -73.973421, 40.691457 ] } },
{ "type": "Feature", "properties": { "Borough": "Bronx", "Market Name": "Bronx Borough Hall Greenmarket", "Street Address": "161st St. & Grand Concourse", "Community District": 204, "Latitude": 40.827335, "Longitude": -73.922911, "Days of Operation": "Tuesday", "Hours of Operations": "8AM - 4PM", "Season Begin": "2023 Jun 06 12:00:00 AM", "Season End": "2023 Nov 21 12:00:00 AM", "Accepts EBT": "Yes", "Distributes Health Bucks?": "Yes", "Open Year-Round": "No", "Location Point": "(40.827335, -73.922911)", "Zip Code": 10452 }, "geometry": { "type": "Point", "coordinates": [ -73.922911, 40.827335 ] } },
{ "type": "Feature", "properties": { "Borough": "Bronx", "Market Name": "Norwood Farmstand", "Street Address": "E. Gun Hill Rd. & Dekalb Ave. (SE corner)", "Community District": 207, "Latitude": 40.88222, "Longitude": -73.880458, "Days of Operation": "Thursday", "Hours of Operations": "8:30AM - 2PM", "Season Begin": "2023 Jan 01 12:00:00 AM", "Season End": "2023 Dec 31 12:00:00 AM", "Accepts EBT": "Yes", "Distributes Health Bucks?": "Yes", "Open Year-Round": "Yes", "Location Point": "(40.88222, -73.880458)", "Zip Code": 10467 }, "geometry": { "type": "Point", "coordinates": [ -73.880458, 40.88222 ] } },
{ "type": "Feature", "properties": { "Borough": "Manhattan", "Market Name": "79th Street Greenmarket", "Street Address": "79th St. & Columbus Ave.", "Community District": 107, "Latitude": 40.782295, "Longitude": -73.975244, "Days of Operation": "Sunday", "Hours of Operations": "9AM - 4PM", "Season Begin": "2023 Jan 01 12:00:00 AM", "Season End": "2023 Dec 31 12:00:00 AM", "Accepts EBT": "Yes", "Distributes Health Bucks?": "Yes", "Open Year-Round": "Yes", "Location Point": "(40.782295, -73.975244)", "Zip Code": 10024 }, "geometry": { "type": "Point", "coordinates": [ -73.975244, 40.782295 ] } },
{ "type": "Feature", "properties": { "Borough": "Brooklyn", "Market Name": "Red Hook Farm Stand", "Street Address": "560 Columbia St.", "Community District": 306, "Latitude": 40.672524, "Longitude": -74.00871, "Days of Operation": "Saturday", "Hours of Operations": "10AM - 2PM", "Season Begin": "2023 Jun 17 12:00:00 AM", "Season End": "2023 Nov 18 12:00:00 AM", "Accepts EBT": "Yes", "Distributes Health Bucks?": "Yes", "Open Year-Round": "No", "Location Point": "(40.672524, -74.00871)", "Zip Code": 11231 }, "geometry": { "type": "Point", "coordinates": [ -74.00871, 40.672524 ] } },
{ "type": "Feature", "properties": { "Borough": "Brooklyn", "Market Name": "Seeds in the Middle - Crown Heights - Clara Barton HS Farm Stand", "Street Address": "901 Classon Ave.", "Community District": 309, "Latitude": 40.669567, "Longitude": -73.961962, "Days of Operation": "Thursdays", "Hours of Operations": "12PM - 3PM (summer); 3PM - 6PM (fall)", "Season Begin": "2023 Jan 01 12:00:00 AM", "Season End": "2023 Dec 31 12:00:00 AM", "Accepts EBT": "Yes", "Distributes Health Bucks?": "Yes", "Open Year-Round": "No", "Location Point": "(40.669567, -73.961962)", "Zip Code": 11225 }, "geometry": { "type": "Point", "coordinates": [ -73.961962, 40.669567 ] } },
{ "type": "Feature", "properties": { "Borough": "Brooklyn", "Market Name": "Harvest Home Utica Avenue Farmers Market", "Street Address": "Eastern Parkway bet Utica & Rochester Aves", "Community District": 308, "Latitude": 40.668754, "Longitude": -73.930136, "Days of Operation": "Wednesday", "Hours of Operations": "8AM - 3PM", "Season Begin": "2023 Jun 14 12:00:00 AM", "Season End": "2023 Nov 22 12:00:00 AM", "Accepts EBT": "Yes", "Distributes Health Bucks?": "Yes", "Open Year-Round": "No", "Location Point": "(40.668754, -73.930136)", "Zip Code": 11213 }, "geometry": { "type": "Point", "coordinates": [ -73.930136, 40.668754 ] } },
{ "type": "Feature", "properties": { "Borough": "Manhattan", "Market Name": "Lower East Side Farmstand", "Street Address": "Grand St. bet Pitt and Willett Sts. (outside of Abrons Arts Center)", "Community District": 103, "Latitude": 40.71521, "Longitude": -73.984258, "Days of Operation": "Thursday", "Hours of Operations": "8:30AM - 3PM", "Season Begin": "2023 Jun 29 12:00:00 AM", "Season End": "2023 Nov 30 12:00:00 AM", "Accepts EBT": "Yes", "Distributes Health Bucks?": "Yes", "Open Year-Round": "No", "Location Point": "(40.71521, -73.984258)", "Zip Code": 10002 }, "geometry": { "type": "Point", "coordinates": [ -73.984258, 40.71521 ] } },
{ "type": "Feature", "properties": { "Borough": "Bronx", "Market Name": "Riverdale Y Sunday Farmers Market", "Street Address": "4545 Independence Ave.", "Community District": 208, "Latitude": 40.891762, "Longitude": -73.912208, "Days of Operation": "Sunday", "Hours of Operations": "9AM - 2PM", "Season Begin": "2023 Jan 01 12:00:00 AM", "Season End": "2023 Dec 31 12:00:00 AM", "Accepts EBT": "Yes", "Distributes Health Bucks?": "Yes", "Open Year-Round": "Yes", "Location Point": "(40.891762, -73.912208)", "Zip Code": 10471 }, "geometry": { "type": "Point", "coordinates": [ -73.912208, 40.891762 ] } },
{ "type": "Feature", "properties": { "Borough": "Brooklyn", "Market Name": "Flatbush Junction Farmstand", "Street Address": "Nostrand & Flatbush Aves", "Community District": 314, "Latitude": 40.632886, "Longitude": -73.947698, "Days of Operation": "Saturday", "Hours of Operations": "9AM - 2PM", "Season Begin": null, "Season End": null, "Accepts EBT": "Yes", "Distributes Health Bucks?": "Yes", "Open Year-Round": "No", "Location Point": "(40.632886, -73.947698)", "Zip Code": 11210 }, "geometry": { "type": "Point", "coordinates": [ -73.947698, 40.632886 ] } },
{ "type": "Feature", "properties": { "Borough": "Brooklyn", "Market Name": "Black Radish Farmers Market", "Street Address": "12020 Flatlands Ave.", "Community District": 205, "Latitude": 40.651146, "Longitude": -73.888606, "Days of Operation": "Saturday", "Hours of Operations": "10AM - 4PM", "Season Begin": "2023 Jul 08 12:00:00 AM", "Season End": null, "Accepts EBT": "Yes", "Distributes Health Bucks?": "Yes", "Open Year-Round": "No", "Location Point": "(40.651146, -73.888606)", "Zip Code": 11233 }, "geometry": { "type": "Point", "coordinates": [ -73.888606, 40.651146 ] } },
{ "type": "Feature", "properties": { "Borough": "Bronx", "Market Name": "Harvest Home Co-op City Farm Stand", "Street Address": "Asch Loop & Aldrich Ave.", "Community District": 210, "Latitude": 40.8702, "Longitude": -73.830963, "Days of Operation": "Wednesday", "Hours of Operations": "8AM - 3PM", "Season Begin": "2023 Jun 14 12:00:00 AM", "Season End": "2023 Nov 22 12:00:00 AM", "Accepts EBT": "Yes", "Distributes Health Bucks?": "Yes", "Open Year-Round": "No", "Location Point": "(40.8702, -73.830963)", "Zip Code": 10475 }, "geometry": { "type": "Point", "coordinates": [ -73.830963, 40.8702 ] } },
{ "type": "Feature", "properties": { "Borough": "Brooklyn", "Market Name": "Grand Army Plaza Greenmarket", "Street Address": "Grand Army Plaza", "Community District": 308, "Latitude": 40.672525, "Longitude": -73.969799, "Days of Operation": "Saturday", "Hours of Operations": "8AM - 3PM", "Season Begin": "2023 Jan 01 12:00:00 AM", "Season End": "2023 Dec 31 12:00:00 AM", "Accepts EBT": "Yes", "Distributes Health Bucks?": "Yes", "Open Year-Round": "Yes", "Location Point": "(40.672525, -73.969799)", "Zip Code": 11215 }, "geometry": { "type": "Point", "coordinates": [ -73.969799, 40.672525 ] } },
{ "type": "Feature", "properties": { "Borough": "Bronx", "Market Name": "Kingsbridge-Riverdale Farmers' Market", "Street Address": "260 W. 231st St.", "Community District": 208, "Latitude": 40.880038, "Longitude": -73.907005, "Days of Operation": "Tuesday", "Hours of Operations": "9AM - 5PM", "Season Begin": null, "Season End": null, "Accepts EBT": "Yes", "Distributes Health Bucks?": "No", "Open Year-Round": "No", "Location Point": "(40.880038, -73.907005)", "Zip Code": 10463 }, "geometry": { "type": "Point", "coordinates": [ -73.907005, 40.880038 ] } },
{ "type": "Feature", "properties": { "Borough": "Queens", "Market Name": "NYP Youth Market - Queens", "Street Address": "73-15 Northern Blvd.", "Community District": 403, "Latitude": 40.754714, "Longitude": -73.893504, "Days of Operation": "Friday", "Hours of Operations": "9AM - 3PM", "Season Begin": "2023 Jul 07 12:00:00 AM", "Season End": "2023 Aug 25 12:00:00 AM", "Accepts EBT": "No", "Distributes Health Bucks?": "No", "Open Year-Round": "No", "Location Point": "(40.754714, -73.893504)", "Zip Code": 11372 }, "geometry": { "type": "Point", "coordinates": [ -73.893504, 40.754714 ] } },
{ "type": "Feature", "properties": { "Borough": "Queens", "Market Name": "Queens County Farm Museum Farm Stand", "Street Address": "73-50 Little Neck Parkway", "Community District": 413, "Latitude": 40.748163, "Longitude": -73.719431, "Days of Operation": "Wednesday - Sunday", "Hours of Operations": "11AM - 3PM", "Season Begin": "2023 May 10 12:00:00 AM", "Season End": "2023 Nov 18 12:00:00 AM", "Accepts EBT": "Yes", "Distributes Health Bucks?": "Yes", "Open Year-Round": "No", "Location Point": "(40.748163, -73.719431)", "Zip Code": 11004 }, "geometry": { "type": "Point", "coordinates": [ -73.719431, 40.748163 ] } },
{ "type": "Feature", "properties": { "Borough": "Staten Island", "Market Name": "Heritage Farm Stand (Gazebo Road)", "Street Address": "1000 Richmond Terrace (Gazebo Road)", "Community District": 501, "Latitude": 40.645075, "Longitude": -74.104753, "Days of Operation": "Saturday", "Hours of Operations": "10AM - 3:30PM", "Season Begin": "2023 May 06 12:00:00 AM", "Season End": "2023 Oct 28 12:00:00 AM", "Accepts EBT": "Yes", "Distributes Health Bucks?": "Yes", "Open Year-Round": "No", "Location Point": "(40.645075, -74.104753)", "Zip Code": 10301 }, "geometry": { "type": "Point", "coordinates": [ -74.104753, 40.645075 ] } },
{ "type": "Feature", "properties": { "Borough": "Manhattan", "Market Name": "Morningside Park's Down to Earth Farmers Market", "Street Address": "W. 110th St. & Manhattan Ave.", "Community District": 107, "Latitude": 40.801155, "Longitude": -73.959647, "Days of Operation": "Saturday", "Hours of Operations": "9AM - 2PM", "Season Begin": "2023 Jan 01 12:00:00 AM", "Season End": "2023 Dec 31 12:00:00 AM", "Accepts EBT": "Yes", "Distributes Health Bucks?": "Yes", "Open Year-Round": "Yes", "Location Point": "(40.801155, -73.959647)", "Zip Code": 10026 }, "geometry": { "type": "Point", "coordinates": [ -73.959647, 40.801155 ] } }
]
}
